seasonID;B365_1;B365_X2;HT_pointsHLast3g;AT_pointsALast3g;HT_pointsLast3g;AT_pointsLast3g;HT_poinstLast5g;AT_pointsLast5g;h2h_diff;HT_ShotsLast5g;AT_ShotsLast5g;HT_ShotsOTLast5g;AT_ShotsOTLast5g;HT_Goals_Last5g;AT_Goals_Last5g;HT_GoalsConLast5;AT_GoalsConLast5;HT_AvgPLast2S;AT_AvgPLast2S;HT_AvgPLastS;AT_AvgPLastS;HT_AvgGoalsHLastS;AT_AvgGoalsALastS;HomeTeam_Value;AwayTeam_Value;HT_AvgPointsCurrentS;AT_AvgPointsCurrentS;HomeWin
1;4.2;1.222018349;NA;NA;NA;NA;NA;NA;0;NA;NA;NA;NA;NA;NA;NA;NA;1.210526316;1.710526316;1.263157895;1.815789474;1.421052632;1.368421053;0.069608876;0.857435071;NA;NA;0
1;11;1.034482759;NA;NA;NA;NA;NA;NA;1.5;NA;NA;NA;NA;NA;NA;NA;NA;0.894736842;2.118421053;0.798245614;2.421052632;0.894736842;2.368421053;0.004400917;0.788012149;NA;NA;0
1;3.75;1.272727273;NA;NA;NA;NA;NA;NA;3;NA;NA;NA;NA;NA;NA;NA;NA;0.894736842;1.315789474;0.798245614;1.184210526;0.894736842;1.210526316;0;0.2760181;NA;NA;1
1;2.25;1.648484848;NA;NA;NA;NA;NA;NA;-0.75;NA;NA;NA;NA;NA;NA;NA;NA;1.276315789;1.263157895;1;1.342105263;1;0.947368421;0.138287981;0.203124031;NA;NA;1
1;1.66;2.20441989;NA;NA;NA;NA;NA;NA;0;NA;NA;NA;NA;NA;NA;NA;NA;1.236842105;0.894736842;1.289473684;0.798245614;1.368421053;0.947368421;0.319531395;0.08987789;NA;NA;1
1;1.33;3.339285714;NA;NA;NA;NA;NA;NA;0.5;NA;NA;NA;NA;NA;NA;NA;NA;1.75;1.092105263;1.868421053;1.052631579;2;1.052631579;0.541684746;0.214529226;NA;NA;1
1;5.5;1.147950089;NA;NA;NA;NA;NA;NA;0.5;NA;NA;NA;NA;NA;NA;NA;NA;1.289473684;1.855263158;1.026315789;1.947368421;1.421052632;2.052631579;0.135808591;0.962809149;NA;NA;0
1;2;1.810344828;NA;NA;NA;NA;NA;NA;3;NA;NA;NA;NA;NA;NA;NA;NA;1.552631579;0.894736842;1.368421053;1.210526316;1.789473684;1.368421053;0.256059009;0.099113618;NA;NA;0
1;1.6;2.333333333;NA;NA;NA;NA;NA;NA;2;NA;NA;NA;NA;NA;NA;NA;NA;1.736842105;1.210526316;1.526315789;1.342105263;1.684210526;1.210526316;0.763466187;0.129238207;NA;NA;0
1;8;1.06918239;NA;NA;NA;NA;NA;NA;-2;NA;NA;NA;NA;NA;NA;NA;NA;1.592105263;2.355263158;1.473684211;2.447368421;1.736842105;2.157894737;0.260273973;1;NA;NA;0
1;1.8;2.015151515;NA;NA;NA;NA;NA;NA;2;NA;NA;NA;NA;NA;NA;NA;NA;1.315789474;1.289473684;1.184210526;1.026315789;1.526315789;0.842105263;0.2760181;0.135808591;0;0;1
1;1.53;2.469990079;NA;NA;NA;NA;NA;NA;0.5;NA;NA;NA;NA;NA;NA;NA;NA;1.710526316;1.552631579;1.815789474;1.368421053;1.842105263;1.473684211;0.857435071;0.256059009;3;1;1
1;2.45;1.548387097;NA;NA;NA;NA;NA;NA;0.5;NA;NA;NA;NA;NA;NA;NA;NA;1.210526316;1.236842105;1.342105263;1.289473684;1;0.947368421;0.129238207;0.319531395;3;3;0
1;1.06;8.976190476;NA;NA;NA;NA;NA;NA;3;NA;NA;NA;NA;NA;NA;NA;NA;2.355263158;0.894736842;2.447368421;0.798245614;3.052631579;0.947368421;1;0;3;3;1
1;2.25;1.643939394;NA;NA;NA;NA;NA;NA;-0.75;NA;NA;NA;NA;NA;NA;NA;NA;1.092105263;1.276315789;1.052631579;1;1.210526316;1.210526316;0.214529226;0.138287981;0;3;0
1;2.3;1.624615385;NA;NA;NA;NA;NA;NA;3;NA;NA;NA;NA;NA;NA;NA;NA;1.263157895;0.894736842;1.342105263;0.798245614;1.052631579;0.947368421;0.203124031;0.004400917;0;1;0
1;3.75;1.272727273;NA;NA;NA;NA;NA;NA;-3;NA;NA;NA;NA;NA;NA;NA;NA;0.894736842;1.736842105;1.210526316;1.526315789;1.157894737;1.315789474;0.099113618;0.763466187;1;0;1
1;4.2;1.222018349;NA;NA;NA;NA;NA;NA;0;NA;NA;NA;NA;NA;NA;NA;NA;0.894736842;1.592105263;0.798245614;1.473684211;0.894736842;1.421052632;0.08987789;0.260273973;0;0;1
1;2.25;1.648484848;NA;NA;NA;NA;NA;NA;2.5;NA;NA;NA;NA;NA;NA;NA;NA;1.855263158;1.75;1.947368421;1.868421053;1.947368421;1.631578947;0.962809149;0.541684746;3;3;0
1;1.18;4.747252747;NA;NA;NA;NA;NA;NA;3;NA;NA;NA;NA;NA;NA;NA;NA;2.118421053;1.210526316;2.421052632;1.263157895;2.578947368;1.210526316;0.788012149;0.069608876;1;0;0
1;1.4;2.908163265;NA;NA;NA;NA;NA;NA;0.5;NA;NA;NA;NA;NA;NA;NA;NA;1.75;1.263157895;1.868421053;1.342105263;2;0.947368421;0.541684746;0.203124031;2;0.5;1
1;2.5;1.532520325;NA;NA;NA;NA;NA;NA;-0.5;NA;NA;NA;NA;NA;NA;NA;NA;1.210526316;1.315789474;1.263157895;1.184210526;1.421052632;1.210526316;0.069608876;0.2760181;0.5;1.5;1
1;1.9;1.894736842;NA;NA;NA;NA;NA;NA;0;NA;NA;NA;NA;NA;NA;NA;NA;1.289473684;0.894736842;1.026315789;0.798245614;1.421052632;0.947368421;0.135808591;0.08987789;0;1.5;0
1;2.45;1.565079365;NA;NA;NA;NA;NA;NA;0;NA;NA;NA;NA;NA;NA;NA;NA;0.894736842;0.894736842;0.798245614;1.210526316;0.894736842;1.368421053;0.004400917;0.099113618;1;2;1
1;1.83;2;NA;NA;NA;NA;NA;NA;1;NA;NA;NA;NA;NA;NA;NA;NA;1.552631579;1.092105263;1.368421053;1.052631579;1.789473684;1.052631579;0.256059009;0.214529226;0.5;0.5;0
1;8;1.081300813;NA;NA;NA;NA;NA;NA;-1.5;NA;NA;NA;NA;NA;NA;NA;NA;0.894736842;1.710526316;0.798245614;1.815789474;0.894736842;1.368421053;0;0.857435071;1.5;3;0
1;5.75;1.141791045;NA;NA;NA;NA;NA;NA;-2.25;NA;NA;NA;NA;NA;NA;NA;NA;1.276315789;1.855263158;1;1.947368421;1;2.052631579;0.138287981;0.962809149;2;2;1
1;2.3;1.621538462;NA;NA;NA;NA;NA;NA;-0.6;NA;NA;NA;NA;NA;NA;NA;NA;1.592105263;1.210526316;1.473684211;1.342105263;1.736842105;1.210526316;0.260273973;0.129238207;0;2;0
1;7.5;1.06918239;NA;NA;NA;NA;NA;NA;-2.5;NA;NA;NA;NA;NA;NA;NA;NA;1.236842105;2.355263158;1.289473684;2.447368421;1.368421053;2.157894737;0.319531395;1;2;3;0
1;5.25;1.168296796;NA;NA;NA;NA;NA;NA;-2;NA;NA;NA;NA;NA;NA;NA;NA;1.736842105;2.118421053;1.526315789;2.421052632;1.684210526;2.368421053;0.763466187;0.788012149;0;1;1
1;4.2;1.24137931;NA;NA;1.333333333;1;NA;NA;-1;NA;NA;NA;NA;NA;NA;NA;NA;1.092105263;1.736842105;1.052631579;1.526315789;1.210526316;1.315789474;0.214529226;0.763466187;1.333333333;1;0
1;2;1.810344828;NA;NA;1.333333333;0.333333333;NA;NA;3;NA;NA;NA;NA;NA;NA;NA;NA;0.894736842;1.289473684;1.210526316;1.026315789;1.157894737;0.842105263;0.099113618;0.135808591;1.333333333;0.333333333;0
1;1.9;1.9;NA;NA;2.333333333;2.333333333;NA;NA;1.5;NA;NA;NA;NA;NA;NA;NA;NA;1.210526316;1.276315789;1.342105263;1;1;1.210526316;0.129238207;0.138287981;2.333333333;2.333333333;1
1;1.4;2.916666667;NA;NA;1.333333333;0.333333333;NA;NA;0.6;NA;NA;NA;NA;NA;NA;NA;NA;1.855263158;1.552631579;1.947368421;1.368421053;1.947368421;1.473684211;0.962809149;0.256059009;1.333333333;0.333333333;1
1;1.1;7.222222222;NA;NA;0.666666667;1;NA;NA;3;NA;NA;NA;NA;NA;NA;NA;NA;2.118421053;0.894736842;2.421052632;0.798245614;2.578947368;0.947368421;0.788012149;0;0.666666667;1;1
1;1.18;4.756097561;NA;NA;2.333333333;1.333333333;NA;NA;1;NA;NA;NA;NA;NA;NA;NA;NA;2.355263158;1.210526316;2.447368421;1.263157895;3.052631579;1.210526316;1;0.069608876;2.333333333;1.333333333;1
1;1.3;3.508474576;NA;NA;3;1.666666667;NA;NA;1.5;NA;NA;NA;NA;NA;NA;NA;NA;1.710526316;0.894736842;1.815789474;0.798245614;1.842105263;0.947368421;0.857435071;0.004400917;3;1.666666667;1
1;2.3;1.621538462;NA;NA;1;0;NA;NA;-2;NA;NA;NA;NA;NA;NA;NA;NA;1.315789474;1.592105263;1.184210526;1.473684211;1.526315789;1.421052632;0.2760181;0.260273973;1;0;0
1;2.7;1.485;NA;NA;0.333333333;1.666666667;NA;NA;0;NA;NA;NA;NA;NA;NA;NA;NA;1.263157895;1.236842105;1.342105263;1.289473684;1.052631579;0.947368421;0.203124031;0.319531395;0.333333333;1.666666667;0
1;7;1.096688742;NA;NA;1.333333333;2.333333333;NA;NA;0;NA;NA;NA;NA;NA;NA;NA;NA;0.894736842;1.75;0.798245614;1.868421053;0.894736842;1.631578947;0.08987789;0.541684746;1.333333333;2.333333333;0
1;2.05;1.748571429;NA;NA;1.333333333;1.333333333;NA;NA;0;NA;NA;NA;NA;NA;NA;NA;NA;1.210526316;0.894736842;1.263157895;1.210526316;1.421052632;1.368421053;0.069608876;0.099113618;1;1.25;0
1;3.1;1.355357143;NA;NA;1.333333333;2.333333333;NA;NA;0;NA;NA;NA;NA;NA;NA;NA;NA;0.894736842;1.210526316;0.798245614;1.342105263;0.894736842;1.210526316;0.004400917;0.129238207;1.25;2.5;1
1;5.25;1.147950089;NA;NA;1.333333333;1.333333333;NA;NA;-1;NA;NA;NA;NA;NA;NA;NA;NA;1.092105263;1.855263158;1.052631579;1.947368421;1.210526316;2.052631579;0.214529226;0.962809149;1;1.75;1
1;2.15;1.698529412;NA;NA;1.333333333;0.666666667;NA;NA;-0.75;NA;NA;NA;NA;NA;NA;NA;NA;1.276315789;1.289473684;1;1.026315789;1;0.842105263;0.138287981;0.135808591;1.75;0.5;0
1;1.45;2.571428571;NA;NA;3;1;NA;NA;0;NA;NA;NA;NA;NA;NA;NA;NA;1.710526316;1.315789474;1.815789474;1.184210526;1.842105263;1.210526316;0.857435071;0.2760181;3;0.75;1
1;3.5;1.301834862;NA;NA;0;0.666666667;NA;NA;-3;NA;NA;NA;NA;NA;NA;NA;NA;0.894736842;1.263157895;0.798245614;1.342105263;0.894736842;0.947368421;0;0.203124031;0.75;0.5;0
1;1.06;8.976190476;NA;NA;2.333333333;1.333333333;NA;NA;0;NA;NA;NA;NA;NA;NA;NA;NA;2.355263158;0.894736842;2.447368421;0.798245614;3.052631579;0.947368421;1;0.08987789;2.5;1;1
1;3.6;1.288695652;NA;NA;1;2.333333333;NA;NA;-0.5;NA;NA;NA;NA;NA;NA;NA;NA;1.592105263;1.75;1.473684211;1.868421053;1.736842105;1.631578947;0.260273973;0.541684746;0.75;2.5;0
1;1.33;3.315789474;NA;NA;1.333333333;1;NA;NA;2;NA;NA;NA;NA;NA;NA;NA;NA;2.118421053;1.236842105;2.421052632;1.289473684;2.578947368;0.947368421;0.788012149;0.319531395;1.25;1.5;1
1;3.4;1.325431034;NA;NA;0;2;NA;NA;0;NA;NA;NA;NA;NA;NA;NA;NA;1.552631579;1.736842105;1.368421053;1.526315789;1.789473684;1.315789474;0.256059009;0.763466187;0.25;1.5;0
1;7;1.081300813;NA;NA;1;2;0.6;1.6;-1;12.6;18.8;5;6.2;0.8;3;1.2;1.2;1.289473684;2.118421053;1.026315789;2.421052632;1.421052632;2.368421053;0.135808591;0.788012149;0.6;1.6;0
1;2.1;1.724637681;NA;NA;0.666666667;1.333333333;1.2;1.6;-1.5;12.4;12.2;4.6;4.4;2;1.6;1.4;1;0.894736842;1.276315789;1.210526316;1;1.157894737;1.210526316;0.099113618;0.138287981;1.2;1.6;1
1;1.55;2.475;NA;NA;1;1.333333333;1.4;0.8;0;12.4;11.8;3.8;3;1.2;0.4;1.6;1.2;1.855263158;1.592105263;1.947368421;1.473684211;1.947368421;1.421052632;0.962809149;0.260273973;1.4;0.8;1
1;2;1.810344828;NA;NA;0.666666667;1.333333333;1.2;1;0.5;13;9.8;5;4;1.4;1.4;1.2;1.8;1.236842105;1.210526316;1.289473684;1.263157895;1.368421053;1.210526316;0.319531395;0.069608876;1.2;1;0
1;1.95;1.821917808;NA;NA;0.333333333;0.333333333;0.8;0.8;0;11.4;5.2;2.6;1.8;0.4;0.4;2.2;3.2;0.894736842;0.894736842;0.798245614;0.798245614;0.894736842;0.947368421;0.08987789;0;0.8;0.8;0
1;1.5;2.659090909;NA;NA;2.333333333;2;2.2;1.6;1.5;14;11.4;5.6;4.2;2;1.6;0.8;1.4;1.75;0.894736842;1.868421053;0.798245614;2;0.947368421;0.541684746;0.004400917;2.2;1.6;1
1;2.2;1.661654135;NA;NA;0.666666667;2;0.6;1.4;2;13.8;11.8;3.6;4.2;0.4;1.4;0.8;1.8;1.263157895;1.092105263;1.342105263;1.052631579;1.052631579;1.052631579;0.203124031;0.214529226;0.6;1.4;1
1;8;1.071010249;NA;NA;0;2.333333333;0.6;2.6;-3;10.6;17.8;3.4;6.6;0.8;3.8;1.8;1;1.315789474;2.355263158;1.184210526;2.447368421;1.526315789;2.157894737;0.2760181;1;0.6;2.6;0
1;1.83;1.96875;NA;NA;2;0;2;0.2;-1;11.8;10.6;4.2;3;1.2;1.2;0.6;2.2;1.210526316;1.552631579;1.342105263;1.368421053;1;1.473684211;0.129238207;0.256059009;2;0.2;1
1;2.5;1.524193548;NA;NA;3;3;1.8;3;-1;12.8;17.4;4.2;6.4;1;2.6;1.4;0.8;1.736842105;1.710526316;1.526315789;1.815789474;1.684210526;1.368421053;0.763466187;0.857435071;1.8;3;1
1;2.1;1.75;1.333333333;1;0.333333333;1;0.8;1.4;-1;8.2;12.2;3.2;4;1;1.2;1.6;1.2;1.315789474;1.092105263;1.184210526;1.052631579;1.526315789;1.052631579;0.2760181;0.214529226;0.666666667;1.166666667;1
1;2.75;1.460472973;1;0.333333333;0;1;0.8;1.4;0;12.6;11.4;3.2;4.2;0.8;1.4;2.4;1.4;0.894736842;0.894736842;0.798245614;0.798245614;0.894736842;0.947368421;0.08987789;0.004400917;0.666666667;1.333333333;0
1;9.5;1.050552923;1.666666667;1.666666667;1.666666667;2.333333333;1.2;2.2;-1;12.2;17.6;2.8;7;0.4;3.6;0.4;1.2;1.263157895;2.355263158;1.342105263;2.447368421;1.052631579;2.157894737;0.203124031;1;1;2.333333333;0
1;1.44;2.773109244;1.666666667;1;0.666666667;1.333333333;0.8;0.8;3;13;5.4;4.2;1.8;1;0.6;1.2;3.6;1.236842105;0.894736842;1.289473684;0.798245614;1.368421053;0.947368421;0.319531395;0;1.166666667;1.166666667;0
1;1.45;2.739130435;3;0;2.333333333;0;2.2;0;1;15;9;6;2.8;1.6;1.2;0.8;2.8;1.75;1.552631579;1.868421053;1.368421053;2;1.473684211;0.541684746;0.256059009;2.333333333;0.166666667;1
1;4.2;1.221428571;2.333333333;2;1.666666667;2;1.6;2.4;0;13.6;18.6;5.6;6.6;2.6;2.4;1.4;1.4;0.894736842;1.710526316;1.210526316;1.815789474;1.157894737;1.368421053;0.099113618;0.857435071;1.5;2.5;0
1;2.9;1.413043478;0.666666667;1;1;1.333333333;0.8;0.8;-0.5;13.8;11.8;4.8;3.4;0.8;0.6;1;1.2;1.289473684;1.592105263;1.026315789;1.473684211;1.421052632;1.421052632;0.135808591;0.260273973;0.666666667;0.666666667;1
1;2.05;1.755319149;3;1.666666667;2;2.333333333;2.4;2.6;-0.6;17.4;16.2;6.6;7.2;2.2;2.4;1;0.8;1.710526316;1.75;1.815789474;1.868421053;1.842105263;1.631578947;0.857435071;0.541684746;2.571428571;2.428571429;1
1;3.3;1.335714286;1.333333333;0.666666667;1.666666667;1.333333333;1;1;0;6.8;12;2.2;4.6;0.8;1.8;3;2;0.894736842;0.894736842;0.798245614;1.210526316;0.894736842;1.368421053;0;0.099113618;1.142857143;1.285714286;0
1;4.2;1.222018349;1.333333333;1;0.666666667;2;1.2;1.4;-3;11.6;11;5.4;3.2;1.4;1.4;1.4;1.8;1.210526316;1.855263158;1.263157895;1.947368421;1.421052632;2.052631579;0.069608876;0.962809149;1;1.666666667;0
1;3;1.396533795;2.333333333;0.666666667;2;0.666666667;1.8;0.8;-1.5;12.6;16.2;5;5.4;2;1.2;1.8;1.4;0.894736842;1.236842105;0.798245614;1.289473684;0.894736842;0.947368421;0.004400917;0.319531395;1.571428571;1.142857143;0
1;1.33;3.245454545;2.333333333;2;2.333333333;2;1.6;2;1;21.2;13.4;7;5.6;2.6;1.8;0.8;0.8;2.118421053;1.210526316;2.421052632;1.342105263;2.578947368;1.210526316;0.788012149;0.129238207;1.5;2.166666667;0
1;2.15;1.7;1.333333333;0.666666667;1;1.666666667;1.2;1.4;-0.5;10.8;12.2;3.4;4.4;0.8;0.8;1;0.6;1.092105263;1.289473684;1.052631579;1.026315789;1.210526316;0.842105263;0.214529226;0.135808591;1;1;0
1;1.95;1.909090909;0.333333333;0.333333333;0.333333333;1.333333333;0.8;1;0;10.8;12;3.2;2.8;0.6;0.4;1.2;1;1.592105263;1.263157895;1.473684211;1.342105263;1.736842105;0.947368421;0.260273973;0.203124031;0.571428571;0.857142857;1
1;1.33;3.254716981;3;2;2.333333333;3;2.2;2.4;-0.5;17;11.4;7;4.4;3.4;1.4;1.2;1.2;2.355263158;1.736842105;2.447368421;1.526315789;3.052631579;1.315789474;1;0.763466187;2.428571429;2;1
1;2.35;1.59375;2.333333333;0;0.333333333;1.333333333;1;0.8;-0.75;13.2;8;4.8;3;1.6;0.8;1.8;1.4;1.276315789;1.315789474;1;1.184210526;1;1.210526316;0.138287981;0.2760181;1.333333333;1;0
1;1.75;2.079231693;0.333333333;0.333333333;0;0;0;0.2;0;11.6;12.2;3.8;2.6;1.2;1;3.2;3;1.552631579;0.894736842;1.368421053;0.798245614;1.789473684;0.947368421;0.256059009;0.08987789;0.142857143;0.571428571;1
1;3.6;1.278899083;0.666666667;0;1.666666667;1;1.2;0.6;3;7;13.8;2.2;5;0.8;1.8;2.4;2.8;0.894736842;1.552631579;0.798245614;1.368421053;0.894736842;1.473684211;0;0.256059009;1.125;0.5;1
1;1.4;2.88;2.333333333;0.333333333;2;1;1.8;1;0;10.4;11;3.2;3;1.4;0.4;1.6;1.2;1.855263158;1.263157895;1.947368421;1.342105263;1.947368421;0.947368421;0.962809149;0.203124031;1.857142857;0.75;1
1;1.11;6.296296296;3;1;2.333333333;0;2.6;0.6;1;17.2;13.4;7;4;4;0.6;1.2;1.2;2.355263158;1.092105263;2.447368421;1.052631579;3.052631579;1.052631579;1;0.214529226;2.5;0.875;1
1;1.83;1.995;1;0.666666667;1.666666667;1.333333333;1.2;1.2;1.5;17.6;12;6.2;4.4;1.4;1.4;1;1.4;1.236842105;0.894736842;1.289473684;1.210526316;1.368421053;1.368421053;0.319531395;0.099113618;1.375;1.25;1
1;2.8;1.440677966;2.333333333;1.333333333;1.333333333;2;2;2;-0.6;12;15.4;5.4;7;2.4;2.4;1.4;1.4;1.210526316;1.75;1.342105263;1.868421053;1;1.631578947;0.129238207;0.541684746;2;2.125;0
1;2.05;1.774647887;1.333333333;0.333333333;0.666666667;0.666666667;1;1;-0.75;11.6;12.4;5.4;4;1.4;1.2;1.6;1.4;1.210526316;1.276315789;1.263157895;1;1.421052632;1.210526316;0.069608876;0.138287981;0.857142857;1.285714286;1
1;1.72;2.111111111;1.333333333;1;1;1;1.4;1.2;1.5;11.8;9.6;3.6;3.4;1;1.6;0.8;2.2;1.592105263;0.894736842;1.473684211;0.798245614;1.736842105;0.947368421;0.260273973;0.004400917;0.875;1.375;1
1;2.5;1.516398714;3;0.666666667;2;1.666666667;2.4;1.6;-1.8;19;19.4;7.2;7.6;2.2;3;1.2;1.2;1.710526316;2.118421053;1.815789474;2.421052632;1.842105263;2.368421053;0.857435071;0.788012149;2.625;1.428571429;1
1;3.6;1.292792793;1.666666667;2;2.333333333;2;1.8;2.4;0;10.8;10.8;3.8;5.2;1;2;0.6;1.6;1.289473684;1.736842105;1.026315789;1.526315789;1.421052632;1.315789474;0.135808591;0.763466187;1.25;1.714285714;0
1;3.3;1.335714286;0;0.333333333;0;1.666666667;0;1;0;11.4;9.2;2.2;3.4;0.8;0.6;3.6;0.8;0.894736842;1.315789474;0.798245614;1.184210526;0.894736842;1.210526316;0.08987789;0.2760181;0.5;1;0
1;3.1;1.371929825;1.333333333;1.333333333;0.333333333;1.333333333;1;1.4;-3;9.4;12.6;4;5.8;1.4;2;2.2;1.6;0.894736842;1.210526316;1.210526316;1.342105263;1.157894737;1.210526316;0.099113618;0.129238207;1.111111111;1.75;1
1;2.3;1.621538462;1;0.666666667;1;1.333333333;0.6;1;2;12.2;10.8;5;4.6;1.8;1.2;2.8;1.6;1.552631579;1.210526316;1.368421053;1.263157895;1.789473684;1.210526316;0.256059009;0.069608876;0.444444444;1.125;0
1;1.85;1.935483871;2;1.333333333;1;1.666666667;1.2;1.8;0;9;8;3.2;2.6;1.6;1.2;2.4;0.8;0.894736842;0.894736842;0.798245614;0.798245614;0.894736842;0.947368421;0.004400917;0;1.222222222;1.333333333;0
1;1.7;2.142857143;1.333333333;0.333333333;0;0.333333333;0.8;0.2;0;10.6;9.2;2.6;2.6;0.2;1;1.6;3.4;1.263157895;0.894736842;1.342105263;0.798245614;1.052631579;0.947368421;0.203124031;0.08987789;0.666666667;0.555555556;1
1;1.5;2.659090909;3;1.666666667;2;2;2;1.6;0.5;13.4;10.2;6.2;2.8;2.2;1;1.4;0.8;1.75;1.289473684;1.868421053;1.026315789;2;0.842105263;0.541684746;0.135808591;2.222222222;1.111111111;1
1;4.33;1.216216216;1.333333333;1;1.666666667;3;1.2;2.4;-1.5;9.8;11.6;3.2;4;0.8;2;0.8;1;1.315789474;1.855263158;1.184210526;1.947368421;1.526315789;2.052631579;0.2760181;0.962809149;1;2;0
1;6;1.132173913;1.666666667;2;0.333333333;3;0.4;2.4;-2.25;12;16.8;3.6;7;0.8;2.4;1.8;1.4;1.276315789;1.710526316;1;1.815789474;1;1.368421053;0.138287981;0.857435071;1.125;2.666666667;0
1;1.95;1.821917808;2;1.333333333;2;2.333333333;2.4;1.6;2.4;10.8;16.6;5.2;6.2;2;2.2;1.6;1;1.736842105;1.236842105;1.526315789;1.289473684;1.684210526;0.947368421;0.763466187;0.319531395;1.875;1.555555556;0
1;2.9;1.406896552;1;1;0;2;0.6;1.4;-1;11;13.8;3;4.8;0.6;1.4;1.8;1;1.092105263;1.592105263;1.052631579;1.473684211;1.210526316;1.421052632;0.214529226;0.260273973;0.777777778;1.111111111;0
1;3.6;1.288135593;2.333333333;1.666666667;0.666666667;3;1.6;2.6;-0.5;17.6;17.8;7.2;7.6;3.2;4;1.4;0.8;2.118421053;2.355263158;2.421052632;2.447368421;2.578947368;2.157894737;0.788012149;1;1.25;2.555555556;1
1;1.4;2.829787234;2;0;0.333333333;0.333333333;0.8;0.2;0;14.2;9.6;6.4;2.8;1.8;1;2;2.4;1.210526316;0.894736842;1.342105263;0.798245614;1;0.947368421;0.129238207;0.08987789;1.555555556;0.5;0
1;2.25;1.621538462;1.333333333;0.333333333;1.333333333;1;1.2;1.2;0.6;12;9;4.4;2.2;0.8;0.4;0.8;1.6;1.210526316;1.263157895;1.263157895;1.342105263;1.421052632;0.947368421;0.069608876;0.203124031;1.111111111;0.9;1
1;2.62;1.460472973;1.666666667;0;1.666666667;0.333333333;1.8;0.2;-3;9;11.2;3.4;3.2;1.6;0.4;1.2;1.8;0.894736842;1.092105263;0.798245614;1.052631579;0.894736842;1.052631579;0;0.214529226;1.3;0.8;0
1;4.75;1.184057971;2;2;1.333333333;3;1.4;2.4;0;9;11.8;4;4.2;1.6;2;2;0.8;0.894736842;1.855263158;1.210526316;1.947368421;1.157894737;2.052631579;0.099113618;0.962809149;1.3;2.111111111;0
1;1.4;2.916666667;2.333333333;0.333333333;1.333333333;2.333333333;1.6;1.4;2;16.4;16;5.2;4.8;1.6;1.4;1.4;1;2.118421053;1.592105263;2.421052632;1.473684211;2.578947368;1.421052632;0.788012149;0.260273973;1.444444444;1.1;1
1;1.6;2.287958115;1.666666667;1.333333333;2.333333333;1;1.8;1.4;0.5;17.4;9.6;6.2;2.4;2;0.8;0.6;1;1.236842105;1.289473684;1.289473684;1.026315789;1.368421053;0.842105263;0.319531395;0.135808591;1.5;1;1
1;2.45;1.54;2.333333333;1.333333333;1.333333333;2;2;2.4;1.5;11.6;15;4.4;6.8;1.8;2.4;1.6;1.2;1.736842105;1.75;1.526315789;1.868421053;1.684210526;1.631578947;0.763466187;0.541684746;1.777777778;2.3;1
1;2.9;1.422413793;1.333333333;0.666666667;0.333333333;0.666666667;0.8;1.2;-3;10.8;12.6;3.4;4;1.6;0.6;2.6;0.8;0.894736842;1.315789474;0.798245614;1.184210526;0.894736842;1.210526316;0.004400917;0.2760181;1.2;0.9;1
1;2.25;1.636363636;1.333333333;0;1.333333333;0.333333333;0.8;0.4;0.75;13;13.2;5.6;4;1.8;0.8;2.6;1.8;1.552631579;1.276315789;1.368421053;1;1.789473684;1.210526316;0.256059009;0.138287981;0.5;1;1
1;11;1.034482759;0.333333333;0.333333333;0.666666667;2;0.4;1.6;0;8;16.2;2.2;5.4;0.6;1.4;1.8;1.2;0.894736842;2.118421053;0.798245614;2.421052632;0.894736842;2.368421053;0.08987789;0.788012149;0.545454545;1.6;1
1;2.6;1.513014827;1.333333333;0.666666667;0;2.333333333;1.2;1.6;1.2;7;12.2;1.8;4.4;0.8;1;1.2;0.8;1.289473684;1.210526316;1.026315789;1.263157895;1.421052632;1.210526316;0.135808591;0.069608876;0.909090909;1.3;1
1;1.2;4.55;3;0.333333333;2;0.333333333;2;1;1.8;17.6;16.6;7;7;2.8;1.6;1;1.6;2.355263158;1.210526316;2.447368421;1.342105263;3.052631579;1.210526316;1;0.129238207;2.3;1.5;1
1;2.05;1.75;3;2;2.333333333;2.333333333;2.6;2;-0.6;12.6;15.4;4.4;6;1.8;2;0.4;1.6;1.855263158;1.736842105;1.947368421;1.526315789;1.947368421;1.315789474;0.962809149;0.763466187;2;1.9;0
1;2.1;1.75;1.333333333;0.666666667;0.333333333;1.333333333;1;1;-1.5;14.4;7.8;5;3.4;0.4;0.6;1.2;1.6;1.315789474;0.894736842;1.184210526;1.210526316;1.526315789;1.368421053;0.2760181;0.099113618;0.818181818;1.272727273;1
1;2.05;1.774647887;0.666666667;1;0;1.333333333;0.2;1.4;3;13.2;12.6;3.4;4.4;0.6;2;2;2.2;1.276315789;0.894736842;1;0.798245614;1;0.947368421;0.138287981;0.004400917;0.9;1.363636364;0
1;6;1.127468582;1.333333333;2;1.333333333;3;0.8;2.4;-1;10.6;14.2;3.6;6;0.6;2.2;1.6;1.2;1.092105263;1.710526316;1.052631579;1.815789474;1.210526316;1.368421053;0.214529226;0.857435071;1;2.7;0
1;2.25;1.625;2;0;1;1.333333333;0.6;1.4;-0.6;9.6;12.8;2.6;5;0.4;1.8;2;1.6;1.263157895;1.552631579;1.342105263;1.368421053;1.052631579;1.473684211;0.203124031;0.256059009;0.818181818;0.727272727;0
1;2.05;1.75;3;1.333333333;2;2.333333333;1.8;2.2;1.8;12.2;16;5.2;5.8;2;2.2;1.4;0.6;1.75;1.236842105;1.868421053;1.289473684;2;0.947368421;0.541684746;0.319531395;2.090909091;1.636363636;0
1;1.55;2.4;2.333333333;1.666666667;1.333333333;1.333333333;1.4;1.2;3;16.4;10.4;4.8;3.4;1.2;1;0.8;1;1.592105263;0.894736842;1.473684211;0.798245614;1.736842105;0.947368421;0.260273973;0;1;1.181818182;1
1;10;1.048387097;2.333333333;1.333333333;2.333333333;2;2;2.4;-2;10;17;4.4;7;2.2;3.2;0.4;1;1.552631579;2.355263158;1.368421053;2.447368421;1.789473684;2.157894737;0.256059009;1;0.916666667;2.363636364;0
1;5;1.174545455;1.333333333;1;0.333333333;1;1;1.2;-1.5;9.4;12.4;3.4;4;0.8;1;1.2;1.4;0.894736842;1.75;0.798245614;1.868421053;0.894736842;1.631578947;0;0.541684746;1.083333333;1.916666667;0
1;2.2;1.674626866;1.333333333;0;1.333333333;1;1;0.6;0;9.2;12.6;3.6;3.4;0.6;0.4;1.8;2.2;0.894736842;1.263157895;1.210526316;1.342105263;1.157894737;0.947368421;0.099113618;0.203124031;1.166666667;0.75;0
1;3;1.389473684;1.333333333;2.333333333;0.333333333;1.666666667;0.4;2.2;-0.6;13.6;12.2;5.2;4.2;0.8;1.6;1.8;0.4;1.210526316;1.855263158;1.342105263;1.947368421;1;2.052631579;0.129238207;0.962809149;1.363636364;1.909090909;1
1;1.9;1.894736842;2;1;1.333333333;1.666666667;1.4;1;0;10.2;11.2;3;4;1;0.8;1.4;1.6;1.210526316;1.092105263;1.263157895;1.052631579;1.421052632;1.052631579;0.069608876;0.214529226;1.181818182;1;1
1;1.8;2.045454545;2.333333333;0.666666667;2.333333333;1;2.6;1;-1;14.6;16;5.4;6.6;2.4;1;0.6;1.2;1.236842105;1.315789474;1.289473684;1.184210526;1.368421053;1.210526316;0.319531395;0.2760181;1.75;1;1
1;2.37;1.59375;1.333333333;1;2.333333333;1;1.4;1.2;0;11.8;7.4;4;2.6;2;1.2;2.2;1.2;0.894736842;1.289473684;0.798245614;1.026315789;0.894736842;0.842105263;0.004400917;0.135808591;1.5;1.083333333;0
1;1.3;3.6;2.333333333;0;2;0;1.4;0.2;2.25;14.6;12.6;5.2;3.2;1.4;0.6;1.4;1.6;2.118421053;1.276315789;2.421052632;1;2.578947368;1.210526316;0.788012149;0.138287981;1.454545455;0.818181818;0
1;1.2;4.421052632;3;0.333333333;2.333333333;1.333333333;2.6;1;0;13.4;7.8;6;3;2.2;0.4;0.8;1.2;1.710526316;0.894736842;1.815789474;0.798245614;1.842105263;0.947368421;0.857435071;0.08987789;2.545454545;0.75;1
1;1.66;2.181818182;2.333333333;0.333333333;1.666666667;1.333333333;1.6;2;2.4;16;17.6;6;4.8;1.6;1.6;1.6;0.6;1.736842105;1.592105263;1.526315789;1.473684211;1.684210526;1.421052632;0.763466187;0.260273973;1.818181818;1.166666667;1
1;1.72;2.111111111;0.333333333;0.666666667;1;0;0.6;0.8;0;13.6;9.2;4.2;4;1;1.2;1.8;1.8;1.276315789;0.894736842;1;0.798245614;1;0.947368421;0.138287981;0;1;1;1
1;1.11;6.333333333;3;2;2;2.333333333;2.4;1.6;3;16.8;16;6.6;5;2.8;1.8;1;1.4;2.355263158;0.894736842;2.447368421;0.798245614;3.052631579;0.947368421;1;0.004400917;2.416666667;1.461538462;1
1;2.75;1.454237288;1.333333333;0.333333333;1.333333333;0.666666667;1;1;0;6.8;9;2.8;3.4;0.4;0.8;1.4;2;0.894736842;0.894736842;0.798245614;1.210526316;0.894736842;1.368421053;0.08987789;0.099113618;0.692307692;1.153846154;0
1;3.3;1.337837838;1;0.333333333;0.333333333;1.333333333;0.8;0.8;0.5;12.4;16.2;3.4;5.8;0.6;1;2;1.4;1.263157895;1.210526316;1.342105263;1.342105263;1.052631579;1.210526316;0.203124031;0.129238207;0.769230769;1.5;0
1;2.4;1.571428571;2;1;1.333333333;2;0.8;1.4;1;6.8;8.6;2.4;4;0.8;1.4;1;0.6;1.289473684;1.552631579;1.026315789;1.368421053;1.421052632;1.473684211;0.135808591;0.256059009;1.076923077;0.846153846;0
1;2.55;1.504918033;2.333333333;2.333333333;0.666666667;2.333333333;1.6;2.6;-0.5;12.6;15.6;5;6.6;1.4;2.6;1;0.8;1.855263158;1.710526316;1.947368421;1.815789474;1.947368421;1.368421053;0.962809149;0.857435071;1.75;2.583333333;0
1;3.3;1.352542373;2;1.333333333;1;2.333333333;0.8;2.2;-1;12.8;16.8;5.2;5;1;1.2;2;0.4;1.315789474;1.736842105;1.184210526;1.526315789;1.526315789;1.315789474;0.2760181;0.763466187;0.923076923;1.916666667;1
1;4;1.243636364;0.666666667;2.333333333;1.333333333;3;1;2.6;-1.5;9.6;14.8;3.6;4.8;0.6;2.4;1.4;0.4;1.092105263;1.236842105;1.052631579;1.289473684;1.210526316;0.947368421;0.214529226;0.319531395;0.923076923;1.846153846;0
1;1.9;1.878947368;3;0.666666667;1;2;1.4;2;0.6;16.6;11.2;4.8;3;1.2;1;0.8;1;1.592105263;1.210526316;1.473684211;1.263157895;1.736842105;1.210526316;0.260273973;0.069608876;1.076923077;1.333333333;0
1;3.3;1.326315789;2;0.333333333;1;1;1.8;1.2;-1.8;15.6;16;4.8;5.8;1.4;1;1.2;1.2;1.75;2.118421053;1.868421053;2.421052632;2;2.368421053;0.541684746;0.788012149;2;1.333333333;0
1;1.14;5.44;3;0.333333333;3;0.666666667;2.4;1.2;3;15.6;9;5.6;3.2;2;1;0.6;1.4;2.355263158;0.894736842;2.447368421;1.210526316;3.052631579;1.368421053;1;0.099113618;2.461538462;1.142857143;0
1;2.8;1.444444444;1;0.333333333;0;1.333333333;0.2;0.8;3;9;7;4.4;2.4;1.4;0.6;2.4;1;0.894736842;1.289473684;0.798245614;1.026315789;0.894736842;0.842105263;0;0.135808591;0.928571429;1;1
1;1.25;4.085714286;2;1;1;0.333333333;1.8;1;1.8;17;11.8;6.4;4.6;1;0.8;0.8;1.4;2.118421053;1.092105263;2.421052632;1.052631579;2.578947368;1.052631579;0.788012149;0.214529226;1.461538462;0.857142857;1
1;3.1;1.368468468;1.666666667;1.333333333;1.333333333;2;1;2;0;8.6;11.6;3.6;3.2;0.6;1;1.6;1;0.894736842;1.210526316;0.798245614;1.263157895;0.894736842;1.210526316;0.08987789;0.069608876;0.714285714;1.461538462;1
1;1.65;2.229050279;1;1;1;2;1.2;1.2;1.5;16.8;15.2;5.2;4.2;1.4;1.6;1.6;2;1.75;1.276315789;1.868421053;1;2;1.210526316;0.541684746;0.138287981;1.857142857;1.153846154;1
1;2.05;1.783216783;2;2;1;2;0.8;2;0.5;14.2;11.2;3.6;4.6;0.8;1.6;1;0.2;1.592105263;1.552631579;1.473684211;1.368421053;1.736842105;1.473684211;0.260273973;0.256059009;1;1;0
1;2.35;1.59375;3;1.333333333;3;0.333333333;2.6;1;-1.8;13;9.6;4.4;3.8;2.2;0.8;0.4;1.2;1.236842105;1.855263158;1.289473684;1.947368421;1.368421053;2.052631579;0.319531395;0.962809149;1.928571429;1.615384615;1
1;6;1.132173913;1;2.333333333;0.333333333;2.333333333;0.8;2.6;-0.6;12.4;14;4;5.2;1;2.2;2;0.6;1.263157895;1.710526316;1.342105263;1.815789474;1.052631579;1.368421053;0.203124031;0.857435071;0.714285714;2.615384615;0
1;1.83;1.981132075;1.333333333;0.333333333;2;2;1.4;1.2;-0.6;17.2;11.6;6.6;5.6;1.6;1.4;1.6;2;1.210526316;1.315789474;1.342105263;1.184210526;1;1.210526316;0.129238207;0.2760181;1.615384615;1.071428571;0
1;3.8;1.266666667;1.666666667;1.333333333;1.333333333;1.333333333;1.6;1.6;-1.5;15.2;16;5;4.8;1.8;1;1.2;0.8;0.894736842;1.736842105;0.798245614;1.526315789;0.894736842;1.315789474;0.004400917;0.763466187;1.357142857;1.769230769;0
1;4;1.247912886;1.666666667;2;1.666666667;2;1.2;1.2;-1.5;9.6;15.4;4.2;5.4;1;1.8;1.6;2.2;0.894736842;1.75;1.210526316;1.868421053;1.157894737;1.631578947;0.099113618;0.541684746;1.266666667;1.933333333;0
1;2.05;1.774647887;3;1;2;0.333333333;1.8;1.4;1.5;11.6;14.2;3;5.6;1;1.6;1.2;1.2;1.210526316;0.894736842;1.263157895;0.798245614;1.421052632;0.947368421;0.069608876;0.004400917;1.357142857;1.266666667;0
1;2.3;1.612403101;1;0.333333333;0.333333333;0.333333333;0.8;0.2;-0.6;9.2;12.8;3;4;0.6;0.8;1.2;2.4;1.289473684;1.263157895;1.026315789;1.342105263;1.421052632;0.947368421;0.135808591;0.203124031;0.933333333;0.666666667;0
1;3.25;1.350877193;1.333333333;2.333333333;2;3;2.4;3;0.6;10.2;13.2;4.8;4.6;2;2.4;0.2;0.4;1.552631579;1.236842105;1.368421053;1.289473684;1.789473684;0.947368421;0.256059009;0.319531395;1.133333333;2;0
1;3.3;1.331858407;0.666666667;1;0;2;0.8;1.4;0;11.6;14.4;4;5.6;0.8;1.8;1.8;1.6;1.092105263;1.210526316;1.052631579;1.342105263;1.210526316;1.210526316;0.214529226;0.129238207;0.8;1.5;0
1;4.75;1.192982456;2;1;2;2;1.8;1.8;-1.8;9.6;17.4;4.6;7.4;1.8;1.4;1.8;1;1.315789474;2.118421053;1.184210526;2.421052632;1.526315789;2.368421053;0.2760181;0.788012149;1.2;1.571428571;0
1;1.5;2.598799631;3;0.333333333;3;0;2.6;0.6;2.4;14.6;12.8;4.6;4;2;0.6;0.2;1.2;1.710526316;1.592105263;1.815789474;1.473684211;1.842105263;1.421052632;0.857435071;0.260273973;2.642857143;0.933333333;1
1;1.3;3.548387097;1.333333333;0.333333333;0;1;0.4;0.6;0;9;10.2;3.4;5;0.4;1.6;1.4;2;1.855263158;0.894736842;1.947368421;0.798245614;1.947368421;0.947368421;0.962809149;0;1.5;1.066666667;1
1;1.29;3.666666667;2.333333333;0.333333333;2;1.333333333;2;1.6;0;15.8;8.4;6.2;3.6;1.4;0.8;1;1.4;1.736842105;0.894736842;1.526315789;0.798245614;1.684210526;0.947368421;0.763466187;0.08987789;1.857142857;0.866666667;1
1;9.5;1.061728395;1;2;2;2;1.2;1.8;-0.75;14.4;17.2;4.4;5.2;2.2;1.4;2.6;1;1.276315789;2.355263158;1;2.447368421;1;2.157894737;0.138287981;1;1.071428571;2.285714286;0
1;2;1.8;1;1.333333333;0;1.666666667;0.6;1.2;-3;12.8;9.8;4.2;4.2;0.8;1.4;1.6;2;1.592105263;0.894736842;1.473684211;1.210526316;1.736842105;1.368421053;0.260273973;0.099113618;0.875;1.25;0
1;1.29;3.677419355;2;3;3;2;1.8;1.8;0;16.2;10.8;7.8;5;1.8;1.6;1.2;0.8;2.118421053;1.552631579;2.421052632;1.368421053;2.578947368;1.473684211;0.788012149;0.256059009;1.666666667;1.0625;1
1;4;1.247912886;0;1.333333333;1;2;0.8;2;-1.2;12.2;13.6;4;5.8;1;1.6;2.2;1;1.263157895;1.736842105;1.342105263;1.526315789;1.052631579;1.315789474;0.203124031;0.763466187;0.8125;1.933333333;0
1;2.8;1.422413793;1;1;1;1;0.6;1.2;-3;9;9.6;5.2;2.2;1.6;0.6;2.2;1.6;0.894736842;1.210526316;0.798245614;1.263157895;0.894736842;1.210526316;0;0.069608876;1;1.266666667;0
1;1.95;1.836734694;1.333333333;1;1;0;1.4;0.2;-1.5;15.2;12.6;6.2;4.2;1.6;0.8;1.2;2.4;0.894736842;1.092105263;0.798245614;1.052631579;0.894736842;1.052631579;0.004400917;0.214529226;1.375;0.75;1
1;1.13;6.107142857;2;0.333333333;2;0;2.4;0.8;3;19.2;11.4;5.8;4.2;2;0.8;1;1.4;2.355263158;1.289473684;2.447368421;1.026315789;3.052631579;0.842105263;1;0.135808591;2.333333333;0.875;0
1;1.45;2.739130435;3;1;3;1;3;1.2;-0.75;12.4;13.4;4.8;4.2;2.8;2.4;0.4;2.8;1.236842105;1.276315789;1.289473684;1;1.368421053;1.210526316;0.319531395;0.138287981;2.0625;1;0
1;3.4;1.3125;1.333333333;2.333333333;2;3;1.8;2.6;0;12;16;5;4.8;2.4;2.4;1.8;0.4;1.210526316;1.710526316;1.342105263;1.815789474;1;1.368421053;0.129238207;0.857435071;1.6;2.666666667;0
1;1.67;2.222222222;1;1;1.333333333;2;1.4;1.8;1.8;16.8;9.6;6.6;4.6;2.2;2;2.2;1.8;1.75;1.315789474;1.868421053;1.184210526;2;1.210526316;0.541684746;0.2760181;1.875;1.125;0
1;5;1.174545455;2.333333333;0.333333333;1.333333333;1;1.4;0.8;0;9.4;9.2;4.2;3.4;0.8;0.8;2;1.4;0.894736842;1.855263158;0.798245614;1.947368421;0.894736842;2.052631579;0.08987789;0.962809149;0.8125;1.6;0
1;5.5;1.141411565;1;2;2.333333333;3;1.8;2.4;-1.5;9.2;17.4;4.8;7.4;1.8;2.2;1.2;1.2;0.894736842;2.118421053;1.210526316;2.421052632;1.157894737;2.368421053;0.099113618;0.788012149;1.352941176;1.75;1
1;1.8;2.023862239;3;3;3;2.333333333;3;2.6;1.8;16.4;13;5.6;4.8;3;2.4;0.6;0.2;1.710526316;1.236842105;1.815789474;1.289473684;1.842105263;0.947368421;0.857435071;0.319531395;2.6875;2;0
1;3.5;1.3125;1;2;0.333333333;1;0.4;1.8;1.2;10;12.2;3.2;5.6;0.4;2.6;1.6;2;1.289473684;1.210526316;1.026315789;1.342105263;1.421052632;1.210526316;0.135808591;0.129238207;0.882352941;1.5;0
1;2.2;1.665671642;1;2;1;2;1.2;1.4;0;11.2;14.6;4.6;5.6;1;1.4;1.2;1;1.552631579;0.894736842;1.368421053;0.798245614;1.789473684;0.947368421;0.256059009;0.004400917;1;1.470588235;0
1;1.29;3.666666667;3;0;3;1;2.4;0.6;3;14.2;9.2;5.8;5;1.6;1.6;0.8;2.2;1.736842105;0.894736842;1.526315789;0.798245614;1.684210526;0.947368421;0.763466187;0;2;0.941176471;1
1;2;1.821917808;0.333333333;0.333333333;0;1.333333333;0;1;0;12.4;9.8;4.2;3.8;0.8;0.8;2.6;2.2;1.092105263;0.894736842;1.052631579;0.798245614;1.210526316;0.947368421;0.214529226;0.08987789;0.705882353;0.823529412;0
1;2.6;1.491803279;1;0;0.333333333;0;1.4;0;-1.5;12.2;12.8;3.4;4.4;2;0.4;2.2;2;1.276315789;1.592105263;1;1.473684211;1;1.421052632;0.138287981;0.260273973;1;0.823529412;0
1;1.95;1.894736842;2;1.333333333;2;1;1.8;0.8;-1.2;8.4;10;3.2;3.6;1.6;1;1.8;1.6;1.315789474;1.263157895;1.184210526;1.342105263;1.526315789;0.947368421;0.2760181;0.203124031;1.235294118;0.764705882;0
1;3.4;1.331858407;2;1.333333333;1;1.333333333;1.8;1.4;-0.6;10.8;14.6;3;6;1;2;1;2.2;1.210526316;1.75;1.263157895;1.868421053;1.421052632;1.631578947;0.069608876;0.541684746;1.375;1.764705882;0
1;5;1.178130511;1.333333333;2;1.333333333;1.333333333;0.8;2;-0.6;9.4;20.4;3.4;5.6;0.8;1.6;1.4;1;1.855263158;2.355263158;1.947368421;2.447368421;1.947368421;2.157894737;0.962809149;1;1.5625;2.25;0
1;3.3;1.331858407;1.333333333;0.333333333;3;1.333333333;1.8;0.8;-3;12;8;4.8;2.4;1.6;0.6;1;0.8;0.894736842;1.855263158;0.798245614;1.947368421;0.894736842;2.052631579;0.004400917;0.962809149;1.555555556;1.470588235;1
1;1.91;1.894736842;1.333333333;1.333333333;1.333333333;0.666666667;2;1;0.6;10.4;12.2;4;3.4;1.8;2;1.2;2.4;1.315789474;1.276315789;1.184210526;1;1.526315789;1.210526316;0.2760181;0.138287981;1.222222222;1;1
1;4.2;1.222018349;3;3;3;2.333333333;2.4;2;-0.5;14.6;19.8;6.4;5.2;2;1.6;0.8;1;1.736842105;2.355263158;1.526315789;2.447368421;1.684210526;2.157894737;0.763466187;1;2.058823529;2.294117647;1
1;3.4;1.326315789;1;2;2;2;1.8;2.4;-0.5;12.2;16.2;5.4;6.6;2.6;2.2;2;1.4;1.210526316;2.118421053;1.342105263;2.421052632;1;2.368421053;0.129238207;0.788012149;1.588235294;1.647058824;1
1;2.25;1.63740458;0;0;0.333333333;0;0.2;0;0.5;10.2;11.2;3.2;3.4;0.6;0.8;2.4;2.6;1.289473684;1.092105263;1.026315789;1.052631579;1.421052632;1.052631579;0.135808591;0.214529226;0.833333333;0.666666667;0
1;2.7;1.463575042;1.666666667;2;1.333333333;0;1.6;1.2;-3;11;12.2;3.6;4.8;1;1;1.2;1.2;0.894736842;1.552631579;0.798245614;1.368421053;0.894736842;1.473684211;0.08987789;0.256059009;0.944444444;0.944444444;1
1;2.63;1.485;0;0.333333333;1.333333333;0.333333333;0.8;0.2;-1;9.2;13.2;3.4;3.8;1;0.8;1.6;2.2;1.263157895;1.592105263;1.342105263;1.473684211;1.052631579;1.421052632;0.203124031;0.260273973;0.777777778;0.833333333;1
1;1.65;2.27027027;1.666666667;0;2.333333333;0;2.2;0.6;0;8.8;9.4;5.6;5;2.2;1.2;1.2;2.2;0.894736842;0.894736842;1.210526316;0.798245614;1.157894737;0.947368421;0.099113618;0;1.444444444;0.888888889;1
1;1.62;2.27027027;1;2;0.333333333;1;0.8;1.2;3;11;12.2;4.2;3.2;0.8;0.8;1;1.8;1.855263158;1.210526316;1.947368421;1.263157895;1.947368421;1.210526316;0.962809149;0.069608876;1.388888889;1.294117647;1
1;1.5;2.598799631;2.333333333;2;1.666666667;3;2.2;2.4;2;10.6;12.8;3.6;5;1.6;1.8;0.2;0.8;1.236842105;0.894736842;1.289473684;0.798245614;1.368421053;0.947368421;0.319531395;0.004400917;1.944444444;1.631578947;1
1;3.1;1.365517241;1;3;1.333333333;2.333333333;1.4;2.6;0;12.8;15;5.8;4.4;2.2;2;1.8;0.6;1.75;1.710526316;1.868421053;1.815789474;2;1.368421053;0.541684746;0.857435071;1.833333333;2.588235294;0
1;4.5;1.2;1;2;1;3;0.6;3;0;11.2;14.6;3;6.6;0.4;2.2;1.8;0.4;1.210526316;1.736842105;1.263157895;1.526315789;1.421052632;1.315789474;0.069608876;0.763466187;1.222222222;2.111111111;0
1;1.36;3.148148148;1.333333333;2.333333333;1.333333333;1;1.4;1.4;-1.8;17.6;13.4;4.4;6.2;1.4;2;1.2;1.8;2.355263158;1.75;2.447368421;1.868421053;3.052631579;1.631578947;1;0.541684746;2.166666667;1.736842105;1
1;1.85;1.935483871;2;0.333333333;1;1;1.8;1.4;0.6;14.8;13;5.8;4.8;1.8;1;1.8;0.8;2.118421053;1.855263158;2.421052632;1.947368421;2.578947368;2.052631579;0.788012149;0.962809149;1.555555556;1.473684211;0
1;2.75;1.457264957;1;1;0;2.333333333;0.6;2;3;9;11;4.2;3.2;0.6;1;1.8;0.8;0.894736842;0.894736842;0.798245614;0.798245614;0.894736842;0.947368421;0;0.08987789;0.842105263;1.052631579;0
1;3.6;1.292792793;0;3;0;2;0.6;1.8;0;9;11.6;3.4;5.6;0.6;2.6;1.6;1.6;1.552631579;1.210526316;1.368421053;1.342105263;1.789473684;1.210526316;0.256059009;0.129238207;0.894736842;1.666666667;0
1;2.88;1.42887931;0;2;1;2.333333333;0.6;2;0;10.6;11.4;3.4;4.2;1;1.6;2;1.2;1.092105263;1.315789474;1.052631579;1.184210526;1.210526316;1.210526316;0.214529226;0.2760181;0.789473684;1.315789474;0
1;1.8;2.095588235;0;0.666666667;0.333333333;0.333333333;0.2;0.2;0.6;15.4;10.2;4.2;3.6;0.6;0.8;2;2.4;1.592105263;1.289473684;1.473684211;1.026315789;1.736842105;0.842105263;0.260273973;0.135808591;0.789473684;0.789473684;1
1;4.4;1.210280374;0.333333333;2.333333333;0.333333333;1.666666667;0.8;2.2;0;11.6;13.2;4;3.8;0.6;1;1.8;0;1.210526316;1.236842105;1.263157895;1.289473684;1.421052632;0.947368421;0.069608876;0.319531395;1.210526316;2;0
1;2.38;1.6;1.333333333;2.333333333;0.666666667;3;0.4;2.6;0;11.8;10;3.4;6;1.4;2.2;2.2;0.8;1.276315789;0.894736842;1;1.210526316;1;1.368421053;0.138287981;0.099113618;0.944444444;1.526315789;0
1;1.2;4.631578947;1.333333333;1.666666667;2;1.333333333;2;1.4;3;15;11;4.4;3.2;2;0.8;1.2;1;2.355263158;1.263157895;2.447368421;1.342105263;3.052631579;0.947368421;1;0.203124031;2.210526316;0.894736842;1
1;1.8;1.995;2.333333333;2.333333333;2.333333333;2.333333333;2.6;2.6;0;15;14.8;5;5.6;2.2;2;0.6;0.4;1.710526316;1.736842105;1.815789474;1.526315789;1.842105263;1.315789474;0.857435071;0.763466187;2.611111111;2.052631579;1
1;3.3;1.326315789;2;1.333333333;2;1;2.4;0.8;-2;11;12.4;3.6;5.2;1.6;1.6;0.6;2;0.894736842;1.75;0.798245614;1.868421053;0.894736842;1.631578947;0.004400917;0.541684746;1.55;1.65;0
1;1.62;2.27027027;2;2;1.333333333;1;1;1.8;1;12.2;8.4;4.2;2.4;0.6;1;0.8;0.8;1.855263158;0.894736842;1.947368421;0.798245614;1.947368421;0.947368421;0.962809149;0.004400917;1.45;1.476190476;0
1;8.5;1.06779661;0;3;0;2.333333333;0.2;2.6;0.6;8.2;17.2;3.4;5.2;0.8;2.4;2.2;1;1.289473684;1.710526316;1.026315789;1.815789474;1.421052632;1.368421053;0.135808591;0.857435071;0.75;2.631578947;1
1;1.95;1.848648649;1.333333333;1;2.333333333;0.333333333;2;0.2;0;13;9;4.8;2.6;1.4;0.6;1;2;1.315789474;1.552631579;1.184210526;1.368421053;1.526315789;1.473684211;0.2760181;0.256059009;1.4;0.9;0
1;1.85;1.938461538;2.333333333;1;2.333333333;1;2.2;0.6;0;9.2;10.4;4.4;3.4;1.8;0.8;0.6;1.6;0.894736842;1.092105263;1.210526316;1.052631579;1.157894737;1.052631579;0.099113618;0.214529226;1.5;0.75;1
1;1.33;3.245454545;1;0;2.333333333;0.333333333;2;0.2;0;12.8;9;6;3.2;2.8;0.2;1.6;2;1.210526316;0.894736842;1.342105263;0.798245614;1;0.947368421;0.129238207;0;1.631578947;0.85;1
1;1.4;2.980392157;3;1;1.333333333;0.666666667;2;1;0;12.6;12;4.8;4.2;1.8;0.6;1;1.2;1.736842105;1.210526316;1.526315789;1.263157895;1.684210526;1.210526316;0.763466187;0.069608876;1.95;1.2;1
1;4;1.244247788;1;1;1.333333333;0.333333333;1.4;1.4;-3;10.8;14.8;3;5;0.8;1.2;1.2;1.6;1.263157895;2.118421053;1.342105263;2.421052632;1.052631579;2.368421053;0.203124031;0.788012149;0.85;1.526315789;1
1;1.6;2.326530612;2.333333333;0.333333333;1.666666667;1.333333333;1.8;0.8;0.6;14.4;14;4.6;3.8;0.8;1;0;1.6;1.236842105;1.592105263;1.289473684;1.473684211;1.368421053;1.421052632;0.319531395;0.260273973;1.95;0.9;0
1;2.63;1.485;2.333333333;0.333333333;2.333333333;0.666666667;1.6;0.6;0;13.2;11.2;3.8;3.4;1;0.8;1;1.4;0.894736842;1.276315789;0.798245614;1;0.894736842;1.210526316;0.08987789;0.138287981;1.05;0.947368421;1
1;4.33;1.22529511;1;2;1;2;1.2;2;0.6;11.2;12.4;4.2;4;1.4;2;1.6;1;1.75;2.355263158;1.868421053;2.447368421;2;2.157894737;0.541684746;1;1.714285714;2.25;1
1;1.45;2.727272727;3;0.333333333;1.333333333;0.333333333;2;0.6;2.25;12.2;11.4;4.6;4;2;0.6;1.2;1;1.736842105;1.276315789;1.526315789;1;1.684210526;1.210526316;0.763466187;0.138287981;2;0.9;0
1;3.3;1.337837838;1;0.666666667;1.333333333;1.666666667;1;1;-1;14.4;13.2;3.2;4.4;1;0.4;1.2;0.6;1.592105263;1.855263158;1.473684211;1.947368421;1.736842105;2.052631579;0.260273973;0.962809149;0.904761905;1.428571429;0
1;1.44;2.829787234;2.333333333;2.333333333;2;2.333333333;2;2.6;1;17;10.2;4.8;4.2;1.8;2;1;0.2;1.710526316;0.894736842;1.815789474;1.210526316;1.842105263;1.368421053;0.857435071;0.099113618;2.5;1.571428571;0
1;3.8;1.272727273;0.666666667;2.333333333;0.666666667;2.333333333;0.4;2;1.2;11;15.4;3.6;6.4;0.4;2.4;1.6;1.4;1.210526316;1.210526316;1.263157895;1.342105263;1.421052632;1.210526316;0.069608876;0.129238207;1.142857143;1.7;0
1;1.91;1.93550447;2;1.333333333;0.333333333;2.333333333;1.4;2.2;3;8.8;12.8;2.8;3.6;0.6;1.2;0.6;0.4;0.894736842;0.894736842;0.798245614;0.798245614;0.894736842;0.947368421;0.004400917;0.08987789;1.454545455;1.142857143;1
1;3.4;1.326315789;0.333333333;2;1.333333333;2;0.8;1.8;-2;9.2;12.4;3.2;4.4;1.4;1.6;1.8;1.2;1.552631579;1.75;1.368421053;1.868421053;1.789473684;1.631578947;0.256059009;0.541684746;1;1.772727273;1
1;2.9;1.419130435;0;1.333333333;1;2;0.6;1.4;-2.4;10.4;11.8;3.8;3.4;0.6;1;1.6;1;1.092105263;1.263157895;1.052631579;1.342105263;1.210526316;0.947368421;0.214529226;0.203124031;0.714285714;0.952380952;0
1;6.5;1.106690778;1.333333333;1.666666667;0.333333333;1.666666667;0.2;1.4;-1.5;9.6;13.6;2.8;4;0.2;0.4;1.8;0.2;0.894736842;1.236842105;0.798245614;1.289473684;0.894736842;0.947368421;0;0.319531395;0.80952381;1.904761905;0
1;3.75;1.271103327;0.666666667;1.333333333;0.666666667;1.333333333;0.6;1.6;-1.8;11.4;13.4;4.2;4.8;1;1.8;1.4;1.6;1.276315789;1.736842105;1;1.526315789;1;1.315789474;0.138287981;0.763466187;0.904761905;1.954545455;0
1;1.25;4.085714286;2.333333333;3;2;2;1.8;2;2.4;12.2;14.4;4.4;4.4;1.8;1.6;1;1.2;2.355263158;1.315789474;2.447368421;1.184210526;3.052631579;1.210526316;1;0.2760181;2.142857143;1.333333333;1
1;1.5;2.598799631;2.333333333;0.333333333;0.333333333;1;0.8;0.8;0.5;16;8.2;4;3;0.6;0.8;2;1.8;2.118421053;1.289473684;2.421052632;1.026315789;2.578947368;0.842105263;0.788012149;0.135808591;1.45;0.857142857;1
1;2.9;1.405982906;1.666666667;1;1.333333333;2;1.6;1.8;-3;18.8;13.2;4.8;5.6;1.2;2.2;0.8;1.2;1.710526316;2.355263158;1.815789474;2.447368421;1.842105263;2.157894737;0.857435071;1;2.428571429;2.181818182;0
1;4.5;1.058823529;1.333333333;2;1;0.333333333;1.4;1.4;0;13;17.4;4;4.2;1.4;1.4;1.8;1.4;1.315789474;1.710526316;1.184210526;1.815789474;1.526315789;1.368421053;0.2760181;0.857435071;1.272727273;2.318181818;0
1;1.83;1.96875;3;1;1.666666667;0.666666667;2.2;0.6;0;10.2;8.4;3.4;3;1.8;0.6;0.4;1;0.894736842;1.210526316;1.210526316;1.263157895;1.157894737;1.210526316;0.099113618;0.069608876;1.545454545;1.136363636;0
1;1.65;2.247311828;2;1.333333333;1.666666667;1.333333333;2.2;1.4;-1;17;9.8;6.8;3;2.2;0.8;0.8;0.6;1.210526316;0.894736842;1.342105263;0.798245614;1;0.947368421;0.129238207;0.004400917;1.666666667;1.52173913;0
1;1.4;3.047169811;1.333333333;1;1;0;1.2;0.6;0.6;14;12;4.8;3.6;0.6;0.6;0.6;1.6;1.855263158;1.092105263;1.947368421;1.052631579;1.947368421;1.052631579;0.962809149;0.214529226;1.409090909;0.681818182;0
1;2.4;1.571428571;1;0.333333333;1;0.333333333;0.6;0.4;0.6;9;11.8;3;4.2;0.6;0.6;2;1.4;1.289473684;1.276315789;1.026315789;1;1.421052632;1.210526316;0.135808591;0.138287981;0.818181818;0.863636364;1
1;8.5;1.051470588;2.333333333;1;1.333333333;2;2;2.4;-3;12.4;14;2.8;6.6;1;2.6;0.6;1;0.894736842;2.355263158;0.798245614;2.447368421;0.894736842;2.157894737;0.08987789;1;1.090909091;2.217391304;0
1;1.67;2.25;2;0;2;0.666666667;2;0.4;1.5;12;10.6;3.2;3.4;1.4;0.4;1;1.6;1.263157895;0.894736842;1.342105263;0.798245614;1.052631579;0.947368421;0.203124031;0;1.045454545;0.818181818;0
1;2.5;1.524193548;1.666666667;0;1;1.333333333;1.4;0.8;-2;13.4;14.8;4.4;4.2;0.6;0.6;0.4;1.8;1.236842105;2.118421053;1.289473684;2.421052632;1.368421053;2.368421053;0.319531395;0.788012149;1.863636364;1.523809524;0
1;1.62;2.372912317;2.333333333;1;2.333333333;2.333333333;1.6;1.4;0;14;10.8;5;4.2;1.8;2;1.4;1.6;1.736842105;1.552631579;1.526315789;1.368421053;1.684210526;1.473684211;0.763466187;0.256059009;2;1.090909091;1
1;1.75;2.047904192;1;0.666666667;2;1.666666667;1.2;1.2;0;11.8;12.4;4;2.6;1;1.2;2;1;1.75;1.592105263;1.868421053;1.473684211;2;1.421052632;0.541684746;0.260273973;1.695652174;0.909090909;1
1;2.5;1.548387097;2;1.333333333;2.333333333;2;1.4;1.8;-2;9.2;13;2.8;3.4;0.6;1.2;0.4;1;0.894736842;1.263157895;0.798245614;1.342105263;0.894736842;0.947368421;0.004400917;0.203124031;1.583333333;1;0
1;2.5;1.548387097;2;2;2;0;1.2;1.2;-2;10;11.8;3.4;4.2;0.6;1.6;1.2;2.4;1.289473684;1.315789474;1.026315789;1.184210526;1.421052632;1.210526316;0.135808591;0.2760181;0.913043478;1.217391304;0
1;1.95;1.866666667;0.666666667;2;0.333333333;1;0.4;1.2;0.6;10.2;12;3.4;4.6;0.4;0.8;1.2;1.4;1.276315789;1.092105263;1;1.052631579;1;1.052631579;0.138287981;0.214529226;0.826086957;0.782608696;1
1;4.75;1.192982456;1.333333333;2;2;1.333333333;1.4;1.4;-1.5;11.6;18.6;3.6;4.2;2;1.8;2;1.8;1.552631579;1.710526316;1.368421053;1.815789474;1.789473684;1.368421053;0.256059009;0.857435071;1.043478261;2.347826087;0
1;1.75;2.093023256;1.333333333;1.333333333;0.666666667;1.333333333;1;1.6;-3;10.6;11;2.4;2.8;0.8;1;1;0.8;1.592105263;0.894736842;1.473684211;0.798245614;1.736842105;0.947368421;0.260273973;0.08987789;0.869565217;1.086956522;1
1;10;1.053622159;0.666666667;1.333333333;1.333333333;2.333333333;1;2;-3;10.2;16;2.8;6.6;0.6;2;1;0.8;0.894736842;2.355263158;0.798245614;2.447368421;0.894736842;2.157894737;0;1;0.913043478;2.166666667;0
1;4.75;1.188788427;1;1;0.666666667;2;0.8;1.4;-2.5;8.4;14.2;2.8;4.4;0.8;0.8;1;1.2;1.210526316;2.118421053;1.263157895;2.421052632;1.421052632;2.368421053;0.069608876;0.788012149;1.130434783;1.590909091;0
1;2.55;1.532520325;2;0.666666667;2;0.666666667;1.8;1.2;-1.8;11.6;13.4;3.8;3.8;1.4;0.4;1.6;0.4;1.75;1.855263158;1.868421053;1.947368421;2;2.052631579;0.541684746;0.962809149;1.75;1.347826087;1
1;1.36;3.220338983;1.333333333;0.333333333;2;1;1.4;1.2;-1.8;15.6;10.6;3.6;3.6;1.4;0.4;1.4;1.2;1.710526316;1.289473684;1.815789474;1.026315789;1.842105263;0.842105263;0.857435071;0.135808591;2.375;0.875;1
1;1.5;2.651162791;2.333333333;1.333333333;2.333333333;1.333333333;1.6;1.4;1.8;15.4;11.2;4.8;3;0.8;1.2;0.6;1.2;2.118421053;1.263157895;2.421052632;1.342105263;2.578947368;0.947368421;0.788012149;0.203124031;1.565217391;1;1
1;1.45;2.739130435;3;1;2.333333333;0.666666667;2;1.2;2.5;17.4;14.6;6.2;5;2.2;0.6;1;0.8;2.355263158;1.236842105;2.447368421;1.289473684;3.052631579;0.947368421;1;0.319531395;2.2;1.782608696;1
1;1.22;4.421052632;1.333333333;1;3;1.333333333;2;1;3;15.6;11.4;4;2.8;2.2;0.8;1.2;1.4;1.710526316;0.894736842;1.815789474;0.798245614;1.842105263;0.947368421;0.857435071;0;2.4;0.875;1
1;2.05;1.766197183;1;0.333333333;1;1;1.2;0.8;0.5;11.4;7.6;4.2;1.8;1.6;0.6;2.2;0.8;1.315789474;1.210526316;1.184210526;1.263157895;1.526315789;1.210526316;0.2760181;0.069608876;1.291666667;1.125;1
1;1.8;2;2;0.333333333;1.333333333;1.333333333;1.6;1.6;1.2;17.4;11;6.6;2.6;1.4;1.6;0.8;0.8;1.210526316;1.592105263;1.342105263;1.473684211;1;1.421052632;0.129238207;0.260273973;1.590909091;0.958333333;1
1;1.62;2.315789474;1.333333333;0.333333333;0.333333333;1;0.6;0.8;1.2;12.4;11.2;3.2;3.2;0.2;0.6;0.8;1.2;1.855263158;1.276315789;1.947368421;1;1.947368421;1.210526316;0.962809149;0.138287981;1.291666667;0.916666667;1
1;3.3;1.335714286;2;1;0.333333333;2;1.4;2.4;-1.2;10;11.4;3;3.8;1.2;1.4;1;0.8;1.263157895;1.75;1.342105263;1.868421053;1.052631579;1.631578947;0.203124031;0.541684746;0.96;1.8;1
1;2.75;1.454237288;0;1;1;1;0.6;1.4;-0.6;11;10.6;4;3.4;0.4;2;1.4;1.8;1.092105263;1.552631579;1.052631579;1.368421053;1.210526316;1.473684211;0.214529226;0.256059009;0.75;1;1
1;2.7;1.469387755;2.333333333;0;0.333333333;1;1;1.2;0;9.6;11.2;2.4;4.2;0.6;0.4;1.6;1.6;0.894736842;1.289473684;0.798245614;1.026315789;0.894736842;0.842105263;0.08987789;0.135808591;1.041666667;0.84;0
1;2.38;1.6;2.333333333;1.333333333;2.333333333;2.333333333;2;2;1.2;15.4;16.2;5.4;5.8;1.2;2.2;0.6;1.2;2.118421053;1.736842105;2.421052632;1.526315789;2.578947368;1.315789474;0.788012149;0.763466187;1.625;2.041666667;1
1;1.95;1.836734694;2.333333333;1.333333333;1.666666667;2.333333333;1.8;1.6;-3;10.6;10.2;3;3.8;1.4;0.8;0.4;0.4;0.894736842;0.894736842;1.210526316;0.798245614;1.157894737;0.947368421;0.099113618;0.004400917;1.52173913;1.56;1
1;7.5;1.09375;0.666666667;1.333333333;1;2.333333333;0.8;2.6;-3;9;14.6;2.8;6.2;1;2.6;1.8;0;0.894736842;2.118421053;0.798245614;2.421052632;0.894736842;2.368421053;0;0.788012149;0.84;1.68;1
1;2.7;1.474789916;2;1.666666667;0.333333333;1.666666667;0.8;1.8;-2;10.8;11;4;3.4;0.6;1.6;2;0.8;1.289473684;0.894736842;1.026315789;1.210526316;1.421052632;1.368421053;0.135808591;0.099113618;0.846153846;1.583333333;1
1;3.75;1.264864865;1.333333333;1.666666667;1;1.333333333;0.8;1.6;-1.8;11.4;18.2;2.8;6.6;0.6;1.6;1.2;0.8;1.276315789;1.210526316;1;1.342105263;1;1.210526316;0.138287981;0.129238207;0.88;1.652173913;0
1;3.75;1.252293578;1.333333333;0.666666667;0;1;1.2;1;-1.2;11;12.8;3;3.4;1.6;0.4;1.6;0.8;1.552631579;1.855263158;1.368421053;1.947368421;1.789473684;2.052631579;0.256059009;0.962809149;0.96;1.36;0
1;1.44;2.829787234;3;0.333333333;2;0.666666667;1.8;1;3;13.6;7.6;4.4;2.2;1.2;0.8;1;1.8;1.75;0.894736842;1.868421053;0.798245614;2;0.947368421;0.541684746;0.08987789;1.730769231;1.04;1
1;9;1.057283142;1;2.333333333;0.666666667;2.333333333;0.6;2.6;-1.2;7;16.6;1.6;5.8;0.6;2.6;1;0.8;1.210526316;2.355263158;1.263157895;2.447368421;1.421052632;2.157894737;0.069608876;1;1.08;2.230769231;0
1;6;1.127468582;1.333333333;2;1.333333333;3;1.6;2.4;-2;10;17.2;3.8;4.4;1.2;2.6;0.8;1.4;0.894736842;1.710526316;0.798245614;1.815789474;0.894736842;1.368421053;0.004400917;0.857435071;1.5;2.423076923;0
1;1.36;3.214285714;2.333333333;1;2;2;2;1.2;1.5;16.6;11.6;5.8;4;1.8;0.6;2;1.2;1.736842105;1.092105263;1.526315789;1.052631579;1.684210526;1.052631579;0.763466187;0.214529226;1.96;0.84;0
1;2.2;1.674626866;2.333333333;2;1;2;1;1.2;2.5;9.4;9.8;2.2;3.4;1.2;1.6;1.6;2.2;1.592105263;1.315789474;1.473684211;1.184210526;1.736842105;1.210526316;0.260273973;0.2760181;0.92;1.36;0
1;1.65;2.22972973;1.333333333;1.333333333;0.333333333;1.333333333;0.6;1.4;0;11.6;9.2;4.4;2.8;0.4;0.8;1.2;1;1.236842105;1.263157895;1.289473684;1.342105263;1.368421053;0.947368421;0.319531395;0.203124031;1.708333333;1.038461538;1
1;1.44;2.754098361;2;0.333333333;1.333333333;0.333333333;1.6;0.6;-0.6;18.4;5.8;6.2;1;1.6;0.4;0.8;0.8;1.210526316;1.210526316;1.342105263;1.263157895;1;1.210526316;0.129238207;0.069608876;1.625;1.038461538;1
1;2.88;1.413043478;1;0.666666667;1.333333333;1.333333333;1.4;1.6;-1;12.2;12.2;3.6;4.2;0.6;1.6;0.6;1;1.092105263;0.894736842;1.052631579;1.210526316;1.210526316;1.368421053;0.214529226;0.099113618;0.846153846;1.52;0
1;5.5;1.135793358;1.666666667;0.666666667;0.333333333;1;0.4;1;-3;8.2;12.2;2.8;4.6;0.8;0.8;2.4;1.4;0.894736842;1.236842105;0.798245614;1.289473684;0.894736842;0.947368421;0.08987789;0.319531395;1;1.76;0
1;1.7;2.159090909;1;1;2.333333333;1;1.4;1.4;-3;8.4;7.6;3.4;2.8;1.4;1.2;1.6;1.6;1.315789474;0.894736842;1.184210526;0.798245614;1.526315789;0.947368421;0.2760181;0;1.346153846;0.923076923;1
1;1.91;1.836734694;2.333333333;1;2;0;1.6;0.6;-2;11.6;12.6;4.4;3.4;1.4;1;1;1.8;0.894736842;1.552631579;1.210526316;1.368421053;1.157894737;1.473684211;0.099113618;0.256059009;1.576923077;0.923076923;0
1;4.75;1.177570093;1;1;1.333333333;2;1.4;1.8;-1.2;10.2;14.2;3.4;5.2;0.4;1.6;0.6;1.2;1.092105263;1.75;1.052631579;1.868421053;1.210526316;1.631578947;0.214529226;0.541684746;0.814814815;1.777777778;0
1;2.25;1.624615385;2;0.333333333;1;1.333333333;0.8;0.8;0;8.4;12.2;3.2;3.2;0.6;0.6;1.2;1.2;1.263157895;1.276315789;1.342105263;1;1.052631579;1.210526316;0.203124031;0.138287981;1;0.884615385;0
1;1.5;2.692307692;1.333333333;0.333333333;2;1.333333333;1.4;1.4;0;12.8;12.2;4;5;1;0.8;1;1.6;1.855263158;1.289473684;1.947368421;1.026315789;1.947368421;0.842105263;0.962809149;0.135808591;1.423076923;0.925925926;0
1;1.25;4.024390244;2;0.333333333;3;0;3;0.4;0.6;18.2;6.8;5.6;1.4;3;0.2;0.8;0.8;1.710526316;1.210526316;1.815789474;1.263157895;1.842105263;1.210526316;0.857435071;0.069608876;2.444444444;1;1
1;1.62;2.282608696;3;1.333333333;3;2;2.6;2;0.5;16;14.6;4.8;6.2;2.2;2.2;0.6;0.2;2.355263158;2.118421053;2.447368421;2.421052632;3.052631579;2.368421053;1;0.788012149;2.259259259;1.615384615;1
1;1.29;3.6;3;1;3;1.333333333;3;1.4;2.4;17.2;11.2;5.6;2.8;3;1.4;0.6;1.2;1.710526316;1.276315789;1.815789474;1;1.842105263;1.210526316;0.857435071;0.138287981;2.464285714;0.962962963;1
1;2.55;1.514754098;1.333333333;1.333333333;1;0.333333333;1.2;1.4;0;7.4;10.4;2.4;3.4;1;1.2;2;1.4;0.894736842;0.894736842;0.798245614;0.798245614;0.894736842;0.947368421;0;0.004400917;0.888888889;1.444444444;1
1;1.67;2.222222222;2;1.333333333;2.333333333;1.333333333;1.6;1.6;1;16.6;12;6;4.4;1.6;1.4;0.8;1;1.210526316;0.894736842;1.342105263;1.210526316;1;1.368421053;0.129238207;0.099113618;1.68;1.555555556;0
1;2.5;1.532520325;0.666666667;0.333333333;0;0.333333333;0.2;0.2;-1.5;6.4;12.4;1.4;2.2;0.2;0.4;1.4;1.8;1.210526316;1.552631579;1.263157895;1.368421053;1.421052632;1.473684211;0.069608876;0.256059009;0.964285714;0.925925926;1
1;3;1.399115044;0.666666667;0.333333333;0.333333333;1;0.4;0.8;-3;7.2;10;3.2;4;1;1;2.4;1.8;0.894736842;1.263157895;0.798245614;1.342105263;0.894736842;0.947368421;0.08987789;0.203124031;0.962962963;0.964285714;0
1;1.67;2.20441989;1.333333333;1.333333333;2.333333333;2.333333333;1.4;2;1.5;14.4;11.2;4.6;4.8;1.2;1.8;1.2;1;1.855263158;1.315789474;1.947368421;1.184210526;1.947368421;1.210526316;0.962809149;0.2760181;1.407407407;1.407407407;0
1;1.73;2.093023256;1.666666667;1.333333333;1.333333333;0.666666667;1;1;0;10.8;12.4;3.2;3.8;1.2;0.8;1.6;1.2;1.592105263;1.092105263;1.473684211;1.052631579;1.736842105;1.052631579;0.260273973;0.214529226;0.923076923;0.821428571;1
1;2.4;1.565079365;1.333333333;1;2;1.333333333;1.4;1.6;-1.8;13.6;15.8;5;5.6;1;1.4;1.4;1.8;1.236842105;1.736842105;1.289473684;1.526315789;1.368421053;1.315789474;0.319531395;0.763466187;1.807692308;1.923076923;1
1;3.4;1.32;2;0.333333333;1.666666667;1.333333333;1;2;-1;11.6;15.4;4.4;5;1;2;2;1;1.289473684;1.75;1.026315789;1.868421053;1.421052632;1.631578947;0.135808591;0.541684746;0.928571429;1.75;0
1;6;1.121465969;2;1;2;1.666666667;1.2;1.6;-3;8.8;19.8;3.6;7.6;1.2;2;2.2;1.2;0.894736842;1.210526316;0.798245614;1.342105263;0.894736842;1.210526316;0;0.129238207;0.964285714;1.653846154;0
1;1.7;2.142857143;1.333333333;0;1.333333333;0.333333333;1.4;0.4;-3;11;9.8;3.8;4.4;1.6;1;1.8;2.4;1.276315789;0.894736842;1;0.798245614;1;0.947368421;0.138287981;0.08987789;0.928571429;0.964285714;1
1;2.55;1.5;1;2.333333333;0.333333333;2.333333333;0.2;2.6;0;9.2;10.8;2;4.2;0.6;1.8;1.6;0.2;1.552631579;1.315789474;1.368421053;1.184210526;1.789473684;1.210526316;0.256059009;0.2760181;0.892857143;1.464285714;0
1;2.2;1.661654135;1.333333333;0.333333333;1.333333333;1;1.4;1.4;-0.5;16.4;12.8;5.2;5;1.2;2;1.4;1;1.855263158;2.118421053;1.947368421;2.421052632;1.947368421;2.368421053;0.962809149;0.788012149;1.357142857;1.555555556;0
1;1.65;2.222222222;1.666666667;1.333333333;0.333333333;1.666666667;1.4;1.6;1;12.2;11;4.4;4.4;1;1.8;1.8;1.4;1.736842105;0.894736842;1.526315789;1.210526316;1.684210526;1.368421053;0.763466187;0.099113618;1.851851852;1.535714286;1
1;3.6;1.293981481;2.333333333;1.333333333;1.333333333;3;1.4;1.8;-0.5;11.2;15;3.2;4.8;1.2;1.2;1.4;1.2;1.592105263;1.236842105;1.473684211;1.289473684;1.736842105;0.947368421;0.260273973;0.319531395;1;1.851851852;0
1;1.5;2.598799631;2.333333333;0.666666667;1.333333333;1.666666667;1.4;1.2;0.6;13.6;11.6;4;4.6;0.8;1.2;1.8;1.8;1.736842105;1.289473684;1.526315789;1.026315789;1.684210526;0.842105263;0.763466187;0.135808591;1.892857143;0.931034483;1
1;1.6;2.333333333;2;0;3;0.333333333;2.6;0.4;0;12;10.8;4.2;4;1.8;1.2;0.4;2;1.315789474;0.894736842;1.184210526;0.798245614;1.526315789;0.947368421;0.2760181;0.08987789;1.517241379;0.931034483;1
1;3.6;1.278899083;1.666666667;2;0.666666667;3;1;2.4;-2;9.4;15.2;3.4;5.6;1.2;2.2;1.2;1;0.894736842;1.236842105;1.210526316;1.289473684;1.157894737;0.947368421;0.099113618;0.319531395;1.482758621;1.892857143;0
1;2.8;1.453656463;1.333333333;0.333333333;0;1.333333333;0.8;1.4;-2;9.2;11.4;3.2;3.4;1;1.4;1.8;2;0.894736842;1.592105263;0.798245614;1.473684211;0.894736842;1.421052632;0.004400917;0.260273973;1.392857143;0.964285714;0
1;1.83;1.981132075;0;1;0.333333333;1;0.2;1.2;-3;10.8;9;2.8;3.8;0.8;1;1.8;1.8;1.552631579;0.894736842;1.368421053;0.798245614;1.789473684;0.947368421;0.256059009;0;0.862068966;0.931034483;0
1;2.55;1.524193548;3;1.666666667;1.666666667;2.333333333;1.6;2.2;0.6;13.8;18.8;4.2;7.4;1.8;2.4;1.2;1;1.75;1.210526316;1.868421053;1.342105263;2;1.210526316;0.541684746;0.129238207;1.724137931;1.703703704;1
1;4.2;1.235674677;1;1.333333333;0.333333333;0.666666667;0.8;1.6;-0.5;10;16.8;3.8;5.4;1;1.2;1.8;1;1.263157895;1.855263158;1.342105263;1.947368421;1.052631579;2.052631579;0.203124031;0.962809149;0.965517241;1.344827586;1
1;11;1.034482759;1.333333333;2.333333333;0.333333333;3;1;2.6;-1;12.6;17.6;4;5.2;0.8;2.4;1.2;0.6;1.092105263;2.355263158;1.052631579;2.447368421;1.210526316;2.157894737;0.214529226;1;0.793103448;2.285714286;0
1;2.1;1.748571429;2.333333333;0;2;1;1.4;0.6;0;12.4;11.4;4.2;3.2;1.8;0.6;2;1.6;1.276315789;1.210526316;1;1.263157895;1;1.210526316;0.138287981;0.069608876;1;1.034482759;0
1;2.88;1.43277592;3;3;0.333333333;3;1.4;3;1;11.8;17.8;5;6.4;2;3.6;1;0.8;2.118421053;1.710526316;2.421052632;1.815789474;2.578947368;1.368421053;0.788012149;0.857435071;1.535714286;2.482758621;0
1;3.6;1.278899083;3;3;3;3;2.6;3;0;12;16.2;4.6;6;2;2.6;0.4;0.8;1.315789474;1.236842105;1.184210526;1.289473684;1.526315789;0.947368421;0.2760181;0.319531395;1.566666667;1.931034483;1
1;2.63;1.48291874;0.666666667;1.333333333;0.333333333;1.333333333;1;1.6;0;16.8;18.2;5;6.4;1;1.8;1.2;1.4;1.855263158;1.210526316;1.947368421;1.342105263;1.947368421;1.210526316;0.962809149;0.129238207;1.3;1.642857143;0
1;2.05;1.771830986;1.333333333;1;0.666666667;0;1.2;0.2;0;13;11.4;3.8;3.4;1.2;0.8;1.4;2;1.289473684;0.894736842;1.026315789;0.798245614;1.421052632;0.947368421;0.135808591;0.004400917;0.9;1.344827586;0
1;2.8;1.443103448;0.333333333;1;0.333333333;2;0.4;1.2;-1.2;11.2;14;3.2;4.8;0.8;1.6;2;1.6;1.092105263;1.210526316;1.052631579;1.263157895;1.210526316;1.210526316;0.214529226;0.069608876;0.766666667;1.1;0
1;1.45;2.739130435;3;1;1.666666667;2;1.6;1.8;1.5;14;12;4.2;4.4;1.8;0.8;1.4;1.2;1.75;0.894736842;1.868421053;0.798245614;2;0.947368421;0.541684746;0;1.766666667;1;0
1;2.45;1.524590164;2;1.333333333;1.333333333;0.333333333;1.4;1;0;11;9.4;4.4;3.8;1.2;1.4;1.4;1.4;1.263157895;0.894736842;1.342105263;1.210526316;1.052631579;1.368421053;0.203124031;0.099113618;1.033333333;1.433333333;1
1;1.14;5.425531915;3;0.333333333;3;0;3;0.2;1.8;15;11.4;5.6;3.6;3;0.8;0.6;1.8;2.355263158;1.552631579;2.447368421;1.368421053;3.052631579;1.473684211;1;0.256059009;2.310344828;0.833333333;1
1;6;1.132173913;1.333333333;2.333333333;2;2.333333333;1.4;2.6;-2.4;9.6;16.6;3.4;6.4;0.8;3.2;2;1.2;1.592105263;1.710526316;1.473684211;1.815789474;1.736842105;1.368421053;0.260273973;0.857435071;1.034482759;2.433333333;0
1;5.5;1.153024911;0.666666667;1;0.333333333;2;0.2;1.4;-3;10;14.2;3.6;4.6;0.8;0.6;2;1.8;0.894736842;1.736842105;0.798245614;1.526315789;0.894736842;1.315789474;0.08987789;0.763466187;0.9;1.931034483;0
1;4.2;1.22529511;1.333333333;0.333333333;1;0.666666667;1.4;1;-1.2;12.4;13;5.2;5;2;2;2.8;1.4;1.276315789;2.118421053;1;2.421052632;1;2.368421053;0.138287981;0.788012149;0.966666667;1.517241379;0
1;1.2;4.55;3;0.333333333;1.666666667;0;2.2;0.2;1;12.6;10;5.6;3.2;3;0.8;1.2;2.4;1.710526316;1.092105263;1.815789474;1.052631579;1.842105263;1.052631579;0.857435071;0.214529226;2.387096774;0.741935484;0
1;2.3;1.621538462;0.333333333;1;1;1;0.6;1.2;-1;13.6;12.6;3.8;5;1.2;1.8;2;3.6;0.894736842;1.276315789;0.798245614;1;0.894736842;1.210526316;0.004400917;0.138287981;1.4;0.935483871;1
1;2.5;1.526916803;1.333333333;2.333333333;0;3;0.4;3;0;9.2;12.8;3.4;5;1;2.4;1.8;0.2;0.894736842;1.315789474;1.210526316;1.184210526;1.157894737;1.210526316;0.099113618;0.2760181;1.387096774;1.612903226;0
1;2.05;1.726618705;1.333333333;0.666666667;3;0.333333333;1.8;1;-1.2;15;14;5.2;4.6;2;1;1.4;1.6;1.210526316;1.289473684;1.263157895;1.026315789;1.421052632;0.842105263;0.069608876;0.135808591;1.161290323;0.870967742;0
1;2.38;1.571428571;0;0.333333333;0;2.333333333;0.2;1.4;1.2;10;11.6;3;5.2;0.8;1.4;1.8;1.4;1.552631579;1.263157895;1.368421053;1.342105263;1.789473684;0.947368421;0.256059009;0.203124031;0.806451613;1.096774194;1
1;1.17;5.204081633;2.333333333;0;1.666666667;0;1;0.2;-3;12;9.4;4.8;2.6;1.8;0.6;1.6;1.8;2.118421053;0.894736842;2.421052632;0.798245614;2.578947368;0.947368421;0.788012149;0.08987789;1.566666667;0.870967742;1
1;2.88;1.419130435;2;1;2;1.333333333;1.8;1.6;-3;12.2;12.2;5.2;3.6;1.2;1.2;1.6;1.6;0.894736842;1.592105263;0.798245614;1.473684211;0.894736842;1.421052632;0;0.260273973;1.064516129;1.033333333;0
1;1.83;1.981132075;2;0.666666667;2;1.333333333;2.4;1.6;-1;14;14.6;4.8;4.6;2.2;2.2;1.2;1.8;1.236842105;1.75;1.289473684;1.868421053;1.368421053;1.631578947;0.319531395;0.541684746;1.866666667;1.709677419;1
1;2.45;1.548387097;2;2;2;2.333333333;1.4;2;-1;13.4;15.2;5;5;1.4;2;1.4;1.2;1.263157895;1.210526316;1.342105263;1.263157895;1.052631579;1.210526316;0.203124031;0.069608876;1.0625;1.15625;1
1;1.75;2.048780488;3;1;2.333333333;2;2.6;1.2;1;11.6;14.2;3.6;3.8;2;1.2;0.4;1.6;1.315789474;0.894736842;1.184210526;0.798245614;1.526315789;0.947368421;0.2760181;0.004400917;1.59375;1.451612903;1
1;2.3;1.615384615;1;0.333333333;0;1;0.6;0.6;-1.2;12.4;10.2;4.6;4.4;1.2;1;3.6;1.8;1.276315789;1.552631579;1;1.368421053;1;1.473684211;0.138287981;0.256059009;0.90625;0.875;0
1;6;1.121465969;0.333333333;2;0;2;0.2;2;0;10.6;20.6;3;8;0.8;1.8;2;1.2;0.894736842;1.210526316;0.798245614;1.342105263;0.894736842;1.210526316;0.08987789;0.129238207;0.84375;1.689655172;1
1;1.7;2.171428571;0.333333333;0.333333333;0.333333333;0.333333333;0.4;0.4;0;16;8.2;4.2;4;0.6;1;1.4;1.8;1.855263158;0.894736842;1.947368421;1.210526316;1.947368421;1.368421053;0.962809149;0.099113618;1.258064516;1.375;0
1;3.9;1.254782609;1.333333333;1.333333333;2.333333333;2.333333333;2;1.6;-1.8;12.4;12.6;4.4;4.8;1.8;2.4;1.4;1.8;1.592105263;2.118421053;1.473684211;2.421052632;1.736842105;2.368421053;0.260273973;0.788012149;1.096774194;1.612903226;0
1;1.55;2.423076923;3;1.666666667;3;1;3;1.8;3;13.4;14.6;5.4;5.4;2.8;3;0.6;1.8;2.355263158;1.710526316;2.447368421;1.815789474;3.052631579;1.368421053;1;0.857435071;2.333333333;2.34375;1
1;4.75;1.1684803;1.333333333;2;0.333333333;2;0.6;2.4;-1.8;13.4;16;4.4;5.6;0.8;3;1.6;1.2;1.289473684;1.236842105;1.026315789;1.289473684;1.421052632;0.947368421;0.135808591;0.319531395;0.875;1.903225806;0
1;2.25;1.648484848;0.333333333;2;0.333333333;2;0.4;1.8;3;10.2;13.6;4.2;5.6;1.4;1.2;2.6;1.8;1.092105263;0.894736842;1.052631579;0.798245614;1.210526316;0.947368421;0.214529226;0;0.75;1.03125;0
1;2.8;1.44;2;1;1;3;1;2;-1.5;13.8;17;3.8;5.4;1.8;1;2.8;0.4;1.75;1.736842105;1.868421053;1.526315789;2;1.315789474;0.541684746;0.763466187;1.65625;1.966666667;0
1;2.63;1.489583333;1.333333333;2;1.333333333;1.333333333;2;1.4;-0.6;16.4;11.4;5;4.4;1.8;1.8;0.8;1.8;1.210526316;1.592105263;1.263157895;1.473684211;1.421052632;1.421052632;0.069608876;0.260273973;1.121212121;1.0625;1
1;1.65;2.247311828;0.666666667;0;1.333333333;1;0.8;0.6;0;8.2;9.6;3.2;2.6;0.8;1.2;1.2;2;0.894736842;0.894736842;1.210526316;0.798245614;1.157894737;0.947368421;0.099113618;0.08987789;1.424242424;0.909090909;1
1;1.5;2.598799631;2.333333333;0.333333333;1;2;1.4;2;0;21.8;10.6;8.4;4;1.8;1.4;1.8;0.6;1.210526316;1.263157895;1.342105263;1.342105263;1;0.947368421;0.129238207;0.203124031;1.633333333;1.121212121;1
1;2.55;1.524193548;1;1;2;0.333333333;1.8;0.8;-3;14.4;13.6;4.6;4.2;1;1.2;1.6;3;0.894736842;1.276315789;0.798245614;1;0.894736842;1.210526316;0;0.138287981;1.090909091;0.909090909;1
1;12;1.034482759;1;3;2;3;1.2;3;-3;12;14;3.4;6.6;1.2;3.2;1.2;0.8;0.894736842;2.355263158;0.798245614;2.447368421;0.894736842;2.157894737;0.004400917;1;1.40625;2.35483871;0
1;1.73;2.110588235;2.333333333;2.333333333;2.333333333;2.333333333;2;2.6;0.5;18.4;13.4;6.2;3.8;1.4;1.8;0.8;0.4;1.736842105;1.315789474;1.526315789;1.184210526;1.684210526;1.210526316;0.763466187;0.2760181;1.935483871;1.636363636;1
1;1.3;3.442622951;3;0.666666667;2;0.333333333;2.4;0.2;1.2;14.6;8.6;6;3.2;3.4;0.8;1.4;2.2;1.236842105;1.092105263;1.289473684;1.052631579;1.368421053;1.052631579;0.319531395;0.214529226;1.9375;0.727272727;1
1;1.53;2.524390244;2.333333333;0.666666667;3;0.333333333;2.2;1;1.8;15.8;14;5.4;4.6;2.6;1.6;1.2;2.6;2.118421053;1.75;2.421052632;1.868421053;2.578947368;1.631578947;0.788012149;0.541684746;1.65625;1.636363636;1
1;2;1.810344828;1;0.666666667;1.333333333;0.333333333;0.8;0.4;-1;12.6;13.6;4.6;4.8;1;0.6;1.6;2;1.552631579;1.289473684;1.368421053;1.026315789;1.789473684;0.842105263;0.256059009;0.135808591;0.878787879;0.848484848;0
1;1.6;2.315789474;2.333333333;1;0.666666667;0;1.2;0.2;1.8;13.2;15;4.8;3.6;2.4;0.2;2.4;1.4;1.710526316;1.855263158;1.815789474;1.947368421;1.842105263;2.052631579;0.857435071;0.962809149;2.272727273;1.21875;1
1;1.25;3.776119403;2.333333333;1;3;1;2.6;1.2;-1;16.8;10.8;5.4;3.2;3.4;1.2;1.8;1.2;2.118421053;0.894736842;2.421052632;0.798245614;2.578947368;0.947368421;0.788012149;0.004400917;1.696969697;1.363636364;1
1;1.2;4.55;3;2;3;1;3;1.4;1.8;13.6;11.6;7.6;4.8;3.4;2.2;1;1.6;2.355263158;1.592105263;2.447368421;1.473684211;3.052631579;1.421052632;1;0.260273973;2.375;1.03030303;1
1;1.95;1.810344828;2.333333333;1.333333333;2;2.333333333;1.8;2.6;-1;19.6;20;7;7.2;2.4;1.6;1.2;0.4;1.210526316;1.736842105;1.342105263;1.526315789;1;1.315789474;0.129238207;0.763466187;1.677419355;1.96875;1
1;3.3;1.331858407;1;1;2;0;2.4;0.2;-3;14;11;5.4;2.8;1.8;0.4;1.4;1.6;0.894736842;1.855263158;0.798245614;1.947368421;0.894736842;2.052631579;0;0.962809149;1.147058824;1.181818182;0
1;1.17;5.425531915;3;0;3;0.333333333;3;0.2;1.2;13.4;12.4;7.4;4.2;3.2;1;0.8;3.6;2.355263158;1.276315789;2.447368421;1;3.052631579;1.210526316;1;0.138287981;2.393939394;0.882352941;1
1;1.8;1.995;1.333333333;2;0.333333333;1.333333333;0.8;2;1;14.4;13.4;5.6;4.4;2;2.2;3.2;1.2;1.75;1.210526316;1.868421053;1.263157895;2;1.210526316;0.541684746;0.069608876;1.588235294;1.176470588;1
1;2.88;1.422413793;3;1.333333333;1;1.333333333;1.8;2;1;11;11.8;4.2;3;1.2;1.4;1.6;0.4;1.263157895;1.315789474;1.342105263;1.184210526;1.052631579;1.210526316;0.203124031;0.2760181;1.088235294;1.588235294;1
1;1.44;2.727272727;3;1;3;2.333333333;3;1.4;0;15.6;9.8;4.8;4.6;3.2;1.2;1.4;1.2;2.118421053;0.894736842;2.421052632;1.210526316;2.578947368;1.368421053;0.788012149;0.099113618;1.735294118;1.470588235;1
1;2.45;1.545846395;3;0.666666667;3;1.333333333;2.4;1.2;-1.2;16;13.8;5.4;5.6;3;2.2;1.4;2.4;1.236842105;1.710526316;1.289473684;1.815789474;1.368421053;1.368421053;0.319531395;0.857435071;1.96969697;2.294117647;0
1;3.4;1.325431034;0.333333333;1.333333333;0;1.333333333;0.8;2;-2.5;11;19.6;4.2;7.6;2;1.4;2.2;0.6;1.592105263;1.736842105;1.473684211;1.526315789;1.736842105;1.315789474;0.260273973;0.763466187;1;1.909090909;1
1;2.63;1.491803279;1;0.333333333;0;1.666666667;1.2;1;1;9.4;13.8;3.2;5;1.2;1.2;1.2;1.6;0.894736842;1.552631579;0.798245614;1.368421053;0.894736842;1.473684211;0.004400917;0.256059009;1.323529412;0.882352941;1
1;1.33;3.315789474;2.333333333;0.666666667;2;0.666666667;1.8;0.4;0;20.8;15.2;7;5.2;2.2;0.8;1.2;2.2;1.210526316;1.289473684;1.342105263;1.026315789;1;0.842105263;0.129238207;0.135808591;1.71875;0.852941176;0
1;2.1;1.748571429;1.333333333;0.333333333;1;0.333333333;0.6;0.2;3;8;7.6;3;3.2;1.2;1;2;2.6;0.894736842;1.092105263;0.798245614;1.052631579;0.894736842;1.052631579;0.08987789;0.214529226;0.882352941;0.705882353;1
1;4.33;1.210169492;0.333333333;2;0.333333333;2;0.2;1.8;0.6;11;16.4;3.2;5.6;1;2.6;3;1.6;1.276315789;1.236842105;1;1.289473684;1;0.947368421;0.138287981;0.319531395;0.857142857;1.911764706;0
1;2.25;1.606153846;3;0.333333333;1;1.333333333;1.4;0.8;-0.6;13.4;14.2;3;5.6;1;1.8;0.6;3;1.315789474;1.75;1.184210526;1.868421053;1.526315789;1.631578947;0.2760181;0.541684746;1.542857143;1.628571429;1
1;1.5;2.571428571;0.333333333;0;1;2;0.6;1.2;0;10.8;8.6;3.2;3.4;1;2;1.8;2.2;1.855263158;0.894736842;1.947368421;0.798245614;1.947368421;0.947368421;0.962809149;0.08987789;1.235294118;0.942857143;0
1;1.83;1.938461538;2.333333333;3;1;2;1.4;1.8;3;11.6;12.2;3.2;4.8;1.2;1.8;1.2;2;1.210526316;0.894736842;1.263157895;0.798245614;1.421052632;0.947368421;0.069608876;0;1.142857143;1.114285714;1
1;1.36;3;3;0.333333333;1;2;1.4;1.8;1.8;17.6;10.4;6.2;3.8;1;1.2;0.8;1.6;1.736842105;1.263157895;1.526315789;1.342105263;1.684210526;0.947368421;0.763466187;0.203124031;1.852941176;1.142857143;1
1;2.75;1.422413793;0;1;0;1;0.2;1.2;0;10.6;8.6;4;3.2;1.4;1.6;2.6;1.6;1.092105263;0.894736842;1.052631579;0.798245614;1.210526316;0.947368421;0.214529226;0.004400917;0.685714286;1.371428571;0
1;2;1.774647887;1.333333333;1;2;1;1.4;1.2;3;8.4;10.8;3.6;4.4;1;1.8;1;1.8;0.894736842;1.592105263;1.210526316;1.473684211;1.157894737;1.421052632;0.099113618;0.260273973;1.428571429;1.057142857;1
1;9;1.057283142;0.333333333;3;1.333333333;3;1;3;-2.4;14.2;14.4;6;7;1.8;2.8;2;0.8;1.289473684;2.355263158;1.026315789;2.447368421;1.421052632;2.157894737;0.135808591;1;0.914285714;2.411764706;0
1;1.73;2.1;2.333333333;1;2;2;1.6;1.8;0.5;14;22;5.8;7.2;2.2;2.2;2;1.8;1.710526316;1.210526316;1.815789474;1.342105263;1.842105263;1.210526316;0.857435071;0.129238207;2.314285714;1.666666667;0
1;5.25;1.152220339;1.333333333;2.333333333;0.666666667;3;1;3;-0.6;14.6;16;6;4.4;1.8;2.2;2.4;1.2;1.552631579;2.118421053;1.368421053;2.421052632;1.789473684;2.368421053;0.256059009;0.788012149;0.857142857;1.771428571;0
1;2;1.821917808;2;2;1.333333333;2;2;1.8;-0.5;18.4;19.2;6.2;6.4;3;2.4;1.4;1.6;1.236842105;1.210526316;1.289473684;1.342105263;1.368421053;1.210526316;0.319531395;0.129238207;1.885714286;1.705882353;1
1;1.83;1.974683544;1.333333333;1;1;2;0.8;2;1;10.4;11.2;4.4;5;1.6;1.4;2.8;0.6;1.75;0.894736842;1.868421053;1.210526316;2;1.368421053;0.541684746;0.099113618;1.583333333;1.472222222;0
1;6;1.14;1;0.333333333;1;1;1.2;1.4;-3;12;18.6;3.6;6.4;1.2;1;2;0.8;0.894736842;1.736842105;0.798245614;1.526315789;0.894736842;1.315789474;0;0.763466187;1.083333333;1.885714286;0
1;2.45;1.565079365;2;1;2;2;1.2;1.4;0;8;13.2;3;3.8;1.6;1.2;1.4;1.2;0.894736842;1.210526316;0.798245614;1.263157895;0.894736842;1.210526316;0.004400917;0.069608876;1.416666667;1.194444444;0
1;1.45;2.777777778;3;0.333333333;3;1;3;1.4;2;15.6;11.8;4.2;2.6;2.2;0.8;0.8;0.8;2.118421053;1.315789474;2.421052632;1.184210526;2.578947368;1.210526316;0.788012149;0.2760181;1.805555556;1.583333333;0
1;2.75;1.454237288;3;1.666666667;1;1.333333333;1.2;1;1;9.2;12.6;2;5.2;0.8;1.6;2;2;1.263157895;1.289473684;1.342105263;1.026315789;1.052631579;0.842105263;0.203124031;0.135808591;1.111111111;0.888888889;0
1;5.25;1.152220339;2;1.333333333;1.333333333;2;1.4;1.4;-3;9.6;14.6;3.8;5.2;2.4;1.8;2.2;2.2;0.894736842;1.710526316;0.798245614;1.815789474;0.894736842;1.368421053;0.08987789;0.857435071;0.944444444;2.25;1
1;2.4;1.579937304;1.333333333;0;1;0.333333333;0.6;0.4;1.2;8;10.2;3.2;3.4;1;1.2;2.2;2.2;1.592105263;1.276315789;1.473684211;1;1.736842105;1.210526316;0.260273973;0.138287981;1.027777778;0.861111111;1
1;1.22;4.277777778;2;0.333333333;1;0;1.8;0.2;0.5;17.4;9.4;5.4;3.4;2.4;1.4;1.8;2.6;1.210526316;1.092105263;1.342105263;1.052631579;1;1.052631579;0.129238207;0.214529226;1.657142857;0.666666667;1
1;1.25;3.882352941;3;1;3;1.333333333;3;0.8;1;13.8;11;7;4.2;2.8;1.4;0.6;2;2.355263158;1.855263158;2.447368421;1.947368421;3.052631579;2.052631579;1;0.962809149;2.428571429;1.228571429;1
1;1.36;3.08;2;0.333333333;1.333333333;0.333333333;2;1;0.6;17.8;13.4;6.4;6;2.6;1.6;1.4;2.4;1.236842105;1.552631579;1.289473684;1.368421053;1.368421053;1.473684211;0.319531395;0.256059009;1.916666667;0.833333333;0
1;4;1.246299342;2;3;2;3;1.8;3;-2;18.2;14;5.4;5.6;1.8;2.2;2;0.4;1.210526316;2.355263158;1.342105263;2.447368421;1;2.157894737;0.129238207;1;1.694444444;2.444444444;0
1;1.6;2.320471597;3;1;2;1.333333333;1.8;0.8;0;19.2;12;5.8;5;0.8;1.2;0.4;1.8;1.736842105;1.855263158;1.526315789;1.947368421;1.684210526;2.052631579;0.763466187;0.962809149;1.916666667;1.194444444;1
1;1.36;3.169811321;1.333333333;0;1;1.333333333;1.2;1.4;1;11.8;8.6;4.6;2.4;1.2;0.8;1.8;1.8;1.710526316;1.263157895;1.815789474;1.342105263;1.842105263;0.947368421;0.857435071;0.203124031;2.189189189;1.108108108;1
1;2;1.774647887;3;1;1.333333333;1.333333333;1.4;1.4;1.2;10.2;17.8;2.8;5.6;0.8;1.8;0.8;2.2;1.315789474;1.210526316;1.184210526;1.342105263;1.526315789;1.210526316;0.2760181;0.129238207;1.567567568;1.675675676;1
1;3.8;1.255574614;2.333333333;2.333333333;2;2.333333333;2.4;2.6;-1;12.2;14.2;4.8;4.6;1.8;2;0.6;0.4;0.894736842;2.355263158;1.210526316;2.447368421;1.157894737;2.157894737;0.099113618;1;1.513513514;2.405405405;1
1;2.9;1.416666667;0.333333333;1.333333333;0.333333333;1.666666667;0.8;1.6;1.8;11.8;19.4;5.2;5.6;1.4;1.8;2.2;1.2;1.855263158;1.236842105;1.947368421;1.289473684;1.947368421;0.947368421;0.962809149;0.319531395;1.162162162;1.891891892;0
1;1.67;2.222222222;2.333333333;0.333333333;1.333333333;2.333333333;1.4;2;-3;13;8.6;4.4;3.2;1.6;2.2;1.6;1.6;1.210526316;0.894736842;1.263157895;0.798245614;1.421052632;0.947368421;0.069608876;0.08987789;1.189189189;1;0
1;1.5;2.659090909;0;2;1.333333333;0;1;1.2;-3;14.4;10.6;5;3.4;1.8;1.2;2.2;1.4;1.289473684;0.894736842;1.026315789;0.798245614;1.421052632;0.947368421;0.135808591;0;0.891891892;1.054054054;1
1;2.75;1.432786885;0.666666667;0;0.333333333;1;0.4;0.8;-1.8;10.6;12.6;3.6;5.4;1.2;1.6;2.4;2.2;1.276315789;1.75;1;1.868421053;1;1.631578947;0.138287981;0.541684746;0.837837838;1.540540541;0
1;1.91;1.848648649;1.333333333;0;0.333333333;2;0.6;1.2;-1.2;10.6;10.4;4.6;4.6;1.2;1.4;2.2;2;1.552631579;1.592105263;1.368421053;1.473684211;1.789473684;1.421052632;0.256059009;0.260273973;0.837837838;1.081081081;1
1;1.5;2.51500484;3;1;3;2.333333333;1.8;1.4;2;20;10;6.4;3.8;1.4;2;0.6;1.6;1.736842105;0.894736842;1.526315789;0.798245614;1.684210526;0.947368421;0.763466187;0.004400917;1.945945946;1.405405405;1
1;6.5;1.105008078;0;3;0;2.333333333;0;2.6;-1.8;8.8;13.6;2.4;4.4;1;2;2.6;0.8;1.092105263;2.118421053;1.052631579;2.421052632;1.210526316;2.368421053;0.214529226;0.788012149;0.648648649;1.783783784;0
